filename,words
2#3z.jpg,2#3z
2#55.jpg,2#55
2#7E.jpg,2#7E
2#7K.jpg,2#7K
2#8n.jpg,2#8n
2#8Q.jpg,2#8Q
2#@6.jpg,2#@6
2#DF.jpg,2#DF
2#FF.jpg,2#FF
2#t9.jpg,2#t9
2#wm.jpg,2#wm
2+#A.jpg,2+#A
2+2e.jpg,2+2e
2+HZ.jpg,2+HZ
2+r@.jpg,2+r@
2+t8.jpg,2+t8
2+XQ.jpg,2+XQ
222s.jpg,222s
2248.jpg,2248
225p.jpg,225p
2292.jpg,2292
22@#.jpg,22@#
22CE.jpg,22CE
22rm.jpg,22rm
22s2.jpg,22s2
22Z4.jpg,22Z4
23+C.jpg,23+C
2364.jpg,2364
2376.jpg,2376
237G.jpg,237G
23c#.jpg,23c#
23Mr.jpg,23Mr
23yW.jpg,23yW
242x.jpg,242x
247p.jpg,247p
24q8.jpg,24q8
2555.jpg,2555
257=.jpg,257=
2582.jpg,2582
25F7.jpg,25F7
264S.jpg,264S
269p.jpg,269p
26Aq.jpg,26Aq
26D+.jpg,26D+
26Dr.jpg,26Dr
26p3.jpg,26p3
26Rk.jpg,26Rk
26x8.jpg,26x8
26y2.jpg,26y2
26yg.jpg,26yg
26yz.jpg,26yz
27#B.jpg,27#B
278K.jpg,278K
278Q.jpg,278Q
27K3.jpg,27K3
27K@.jpg,27K@
283r.jpg,283r
284D.jpg,284D
285p.jpg,285p
28B9.jpg,28B9
28bB.jpg,28bB
28DN.jpg,28DN
28kd.jpg,28kd
28S=.jpg,28S=
2924.jpg,2924
297f.jpg,297f
299#.jpg,299#
29Nn.jpg,29Nn
29q8.jpg,29q8
29RQ.jpg,29RQ
2=+f.jpg,2=+f
2=b5.jpg,2=b5
2=EK.jpg,2=EK
2=K8.jpg,2=K8
2=K=.jpg,2=K=
2=k@.jpg,2=k@
2=XG.jpg,2=XG
2=yk.jpg,2=yk
2@2#.jpg,2@2#
2@7h.jpg,2@7h
2@7w.jpg,2@7w
2@=A.jpg,2@=A
2@qc.jpg,2@qc
2@sW.jpg,2@sW
2a9z.jpg,2a9z
2A@W.jpg,2A@W
2Aa9.jpg,2Aa9
2aBM.jpg,2aBM
2aD2.jpg,2aD2
2AGK.jpg,2AGK
2agY.jpg,2agY
2AKY.jpg,2AKY
2B8G.jpg,2B8G
2b9+.jpg,2b9+
2BA4.jpg,2BA4
2bc6.jpg,2bc6
2BCr.jpg,2BCr
2bm8.jpg,2bm8
2BqR.jpg,2BqR
2BsM.jpg,2BsM
2Bsp.jpg,2Bsp
2btF.jpg,2btF
2BX5.jpg,2BX5
2BZF.jpg,2BZF
2c2X.jpg,2c2X
2c=M.jpg,2c=M
2ccW.jpg,2ccW
2CD8.jpg,2CD8
2CyE.jpg,2CyE
2CZW.jpg,2CZW
2D++.jpg,2D++
2d7g.jpg,2d7g
2d8g.jpg,2d8g
2DB4.jpg,2DB4
2dr@.jpg,2dr@
2DRg.jpg,2DRg
2dsc.jpg,2dsc
2Dtg.jpg,2Dtg
2e+@.jpg,2e+@
2E2a.jpg,2E2a
2e4t.jpg,2e4t
2EnM.jpg,2EnM
2EXb.jpg,2EXb
2f2k.jpg,2f2k
2f4+.jpg,2f4+
2F5A.jpg,2F5A
2F=N.jpg,2F=N
2FB#.jpg,2FB#
2fc7.jpg,2fc7
2FCD.jpg,2FCD
2fES.jpg,2fES
2Fqx.jpg,2Fqx
2Fs#.jpg,2Fs#
2G28.jpg,2G28
2g2D.jpg,2g2D
2g6#.jpg,2g6#
2g64.jpg,2g64
2GdM.jpg,2GdM
2gPb.jpg,2gPb
2gRN.jpg,2gRN
2GY=.jpg,2GY=
2h8c.jpg,2h8c
2hAA.jpg,2hAA
2hh5.jpg,2hh5
2ht2.jpg,2ht2
2HxA.jpg,2HxA
2hZ@.jpg,2hZ@
2K+6.jpg,2K+6
2k5p.jpg,2k5p
2K=8.jpg,2K=8
2k@#.jpg,2k@#
2k@N.jpg,2k@N
2kqT.jpg,2kqT
2ksh.jpg,2ksh
2Kxq.jpg,2Kxq
2m6Q.jpg,2m6Q
2M8m.jpg,2M8m
2ma2.jpg,2ma2
2mBK.jpg,2mBK
2mdN.jpg,2mdN
2mH9.jpg,2mH9
2MKa.jpg,2MKa
2mR5.jpg,2mR5
2N5E.jpg,2N5E
2N7X.jpg,2N7X
2nk#.jpg,2nk#
2NWQ.jpg,2NWQ
2Nx3.jpg,2Nx3
2p5p.jpg,2p5p
2p7h.jpg,2p7h
2P8b.jpg,2P8b
2P94.jpg,2P94
2P@s.jpg,2P@s
2PA3.jpg,2PA3
2Pd2.jpg,2Pd2
2pmY.jpg,2pmY
2Pq6.jpg,2Pq6
2Q+d.jpg,2Q+d
2Q+Q.jpg,2Q+Q
2q79.jpg,2q79
2qHX.jpg,2qHX
2qk=.jpg,2qk=
2Qrt.jpg,2Qrt
2R5a.jpg,2R5a
2r7E.jpg,2r7E
2rae.jpg,2rae
2Rcc.jpg,2Rcc
2Rge.jpg,2Rge
2RRT.jpg,2RRT
2rrw.jpg,2rrw
2S#@.jpg,2S#@
2s49.jpg,2s49
2S95.jpg,2S95
2S@T.jpg,2S@T
2se#.jpg,2se#
2t4B.jpg,2t4B
2t53.jpg,2t53
2T5=.jpg,2T5=
2Ta@.jpg,2Ta@
2tB7.jpg,2tB7
2tBB.jpg,2tBB
2tYD.jpg,2tYD
2W8Q.jpg,2W8Q
2wA+.jpg,2wA+
2waD.jpg,2waD
2wf+.jpg,2wf+
2WQw.jpg,2WQw
2Ws2.jpg,2Ws2
2WTK.jpg,2WTK
2wxM.jpg,2wxM
2x+s.jpg,2x+s
2x@M.jpg,2x@M
2Xa+.jpg,2Xa+
2xBx.jpg,2xBx
2XDa.jpg,2XDa
2xH@.jpg,2xH@
2XHW.jpg,2XHW
2XHY.jpg,2XHY
2xn@.jpg,2xn@
2xWb.jpg,2xWb
2Ynr.jpg,2Ynr
2ypg.jpg,2ypg
2Z3F.jpg,2Z3F
2z46.jpg,2z46
2z=6.jpg,2z=6
2z@9.jpg,2z@9
2ZE@.jpg,2ZE@
2zfn.jpg,2zfn
2ZR2.jpg,2ZR2
2zXQ.jpg,2zXQ
3#64.jpg,3#64
3#E7.jpg,3#E7
3#MT.jpg,3#MT
3#Pd.jpg,3#Pd
3#Yn.jpg,3#Yn
3#z2.jpg,3#z2
3+H7.jpg,3+H7
3+n3.jpg,3+n3
3+qT.jpg,3+qT
3+s4.jpg,3+s4
3+tS.jpg,3+tS
3+ye.jpg,3+ye
3267.jpg,3267
327K.jpg,327K
329c.jpg,329c
32cY.jpg,32cY
32mF.jpg,32mF
32Qt.jpg,32Qt
32yR.jpg,32yR
33+E.jpg,33+E
335Q.jpg,335Q
33C=.jpg,33C=
33HY.jpg,33HY
33MB.jpg,33MB
33NP.jpg,33NP
33rY.jpg,33rY
3423.jpg,3423
34=p.jpg,34=p
34@H.jpg,34@H
34ax.jpg,34ax
34bc.jpg,34bc
34by.jpg,34by
34C6.jpg,34C6
34h8.jpg,34h8
34na.jpg,34na
34sc.jpg,34sc
34Tg.jpg,34Tg
34zN.jpg,34zN
3525.jpg,3525
353b.jpg,353b
355B.jpg,355B
3567.jpg,3567
357D.jpg,357D
3589.jpg,3589
3594.jpg,3594
35=N.jpg,35=N
35MH.jpg,35MH
35S+.jpg,35S+
35TW.jpg,35TW
35x4.jpg,35x4
3662.jpg,3662
36=w.jpg,36=w
36B=.jpg,36B=
36gQ.jpg,36gQ
36He.jpg,36He
36hK.jpg,36hK
36M+.jpg,36M+
3729.jpg,3729
3746.jpg,3746
375d.jpg,375d
376B.jpg,376B
37@E.jpg,37@E
37Hf.jpg,37Hf
37t4.jpg,37t4
3833.jpg,3833
384b.jpg,384b
387r.jpg,387r
38@P.jpg,38@P
38BK.jpg,38BK
38RW.jpg,38RW
38t8.jpg,38t8
38TA.jpg,38TA
38x5.jpg,38x5
3933.jpg,3933
398C.jpg,398C
399h.jpg,399h
39bE.jpg,39bE
39E7.jpg,39E7
39Ga.jpg,39Ga
39NA.jpg,39NA
39q9.jpg,39q9
39SX.jpg,39SX
39Zk.jpg,39Zk
3=3Y.jpg,3=3Y
3=ad.jpg,3=ad
3=aw.jpg,3=aw
3=N9.jpg,3=N9
3=sY.jpg,3=sY
3=ts.jpg,3=ts
3=tx.jpg,3=tx
3=XK.jpg,3=XK
3=yA.jpg,3=yA
3@4x.jpg,3@4x
3@5@.jpg,3@5@
3@6S.jpg,3@6S
3@7s.jpg,3@7s
3@bn.jpg,3@bn
3@hb.jpg,3@hb
3A#C.jpg,3A#C
3A33.jpg,3A33
3a5@.jpg,3a5@
3A8E.jpg,3A8E
3a=P.jpg,3a=P
3AAW.jpg,3AAW
3AZ3.jpg,3AZ3
3b#t.jpg,3b#t
3b26.jpg,3b26
3b45.jpg,3b45
3b4t.jpg,3b4t
3B92.jpg,3B92
3B=a.jpg,3B=a
3Bdp.jpg,3Bdp
3Bkg.jpg,3Bkg
3BNC.jpg,3BNC
3bYm.jpg,3bYm
3C2P.jpg,3C2P
3C67.jpg,3C67
3Chz.jpg,3Chz
3cQa.jpg,3cQa
3Crx.jpg,3Crx
3cy7.jpg,3cy7
3cZC.jpg,3cZC
3D#3.jpg,3D#3
3d+a.jpg,3d+a
3d5m.jpg,3d5m
3D84.jpg,3D84
3DK4.jpg,3DK4
3dN4.jpg,3dN4
3dq5.jpg,3dq5
3e@7.jpg,3e@7
3Eaq.jpg,3Eaq
3epG.jpg,3epG
3ex#.jpg,3ex#
3eZK.jpg,3eZK
3f9E.jpg,3f9E
3f@w.jpg,3f@w
3fcY.jpg,3fcY
3fD7.jpg,3fD7
3fgp.jpg,3fgp
3fQ@.jpg,3fQ@
3fzA.jpg,3fzA
3Gmg.jpg,3Gmg
3H#w.jpg,3H#w
3hff.jpg,3hff
3hGZ.jpg,3hGZ
3Hz2.jpg,3Hz2
3K3w.jpg,3K3w
3k99.jpg,3k99
3k=D.jpg,3k=D
3kB7.jpg,3kB7
3kDg.jpg,3kDg
3Kn2.jpg,3Kn2
3Kp9.jpg,3Kp9
3kWa.jpg,3kWa
3m#8.jpg,3m#8
3M#P.jpg,3M#P
3m7@.jpg,3m7@
3M=2.jpg,3M=2
3m=q.jpg,3m=q
3Ma+.jpg,3Ma+
3Mef.jpg,3Mef
3mMF.jpg,3mMF
3MR#.jpg,3MR#
3n5N.jpg,3n5N
3n=Y.jpg,3n=Y
3neR.jpg,3neR
3ng#.jpg,3ng#
3nM@.jpg,3nM@
3NNb.jpg,3NNb
3Nq5.jpg,3Nq5
3Ns7.jpg,3Ns7
3NwW.jpg,3NwW
3p57.jpg,3p57
3P9=.jpg,3P9=
3pwx.jpg,3pwx
3Q+A.jpg,3Q+A
3Q3C.jpg,3Q3C
3Q4G.jpg,3Q4G
3q9t.jpg,3q9t
3qFz.jpg,3qFz
3qg4.jpg,3qg4
3qmn.jpg,3qmn
3QWZ.jpg,3QWZ
3R93.jpg,3R93
3r=g.jpg,3r=g
3R=q.jpg,3R=q
3Ra9.jpg,3Ra9
3Rd5.jpg,3Rd5
3RE6.jpg,3RE6
3RG9.jpg,3RG9
3RgW.jpg,3RgW
3Rm5.jpg,3Rm5
3RtE.jpg,3RtE
3RwT.jpg,3RwT
3s3m.jpg,3s3m
3sbb.jpg,3sbb
3sFm.jpg,3sFm
3sTc.jpg,3sTc
3Sw6.jpg,3Sw6
3sZN.jpg,3sZN
3t42.jpg,3t42
3tFB.jpg,3tFB
3tQd.jpg,3tQd
3TqH.jpg,3TqH
3tx4.jpg,3tx4
3TYq.jpg,3TYq
3w43.jpg,3w43
3w4q.jpg,3w4q
3W5G.jpg,3W5G
3Wa6.jpg,3Wa6
3WX+.jpg,3WX+
3x6Y.jpg,3x6Y
3x7c.jpg,3x7c
3x8Q.jpg,3x8Q
3XH6.jpg,3XH6
3xm7.jpg,3xm7
3xmP.jpg,3xmP
3xzF.jpg,3xzF
3XzK.jpg,3XzK
3y7y.jpg,3y7y
3Ya#.jpg,3Ya#
3Ye6.jpg,3Ye6
3Yf2.jpg,3Yf2
3yfx.jpg,3yfx
3z29.jpg,3z29
3z6e.jpg,3z6e
3z83.jpg,3z83
3Zc9.jpg,3Zc9
3ZMR.jpg,3ZMR
3Zs+.jpg,3Zs+
4#74.jpg,4#74
4#a3.jpg,4#a3
4#F@.jpg,4#F@
4#sb.jpg,4#sb
4#ss.jpg,4#ss
4#TQ.jpg,4#TQ
4#xT.jpg,4#xT
4+#7.jpg,4+#7
4+AS.jpg,4+AS
4+B#.jpg,4+B#
4+BT.jpg,4+BT
4+fn.jpg,4+fn
4+g3.jpg,4+g3
4+k3.jpg,4+k3
4+m8.jpg,4+m8
4+ph.jpg,4+ph
4+pP.jpg,4+pP
422P.jpg,422P
4239.jpg,4239
423P.jpg,423P
425M.jpg,425M
42C5.jpg,42C5
42f@.jpg,42f@
42M#.jpg,42M#
42M8.jpg,42M8
42N5.jpg,42N5
42p7.jpg,42p7
42tG.jpg,42tG
432+.jpg,432+
436f.jpg,436f
439p.jpg,439p
43A4.jpg,43A4
43d7.jpg,43d7
43E6.jpg,43E6
4443.jpg,4443
444Y.jpg,444Y
447+.jpg,447+
4484.jpg,4484
4487.jpg,4487
448t.jpg,448t
44Dd.jpg,44Dd
44mQ.jpg,44mQ
452a.jpg,452a
455z.jpg,455z
457c.jpg,457c
458a.jpg,458a
45c5.jpg,45c5
45dT.jpg,45dT
45f4.jpg,45f4
45K9.jpg,45K9
45pE.jpg,45pE
45PW.jpg,45PW
4633.jpg,4633
46A8.jpg,46A8
46BN.jpg,46BN
46fN.jpg,46fN
46gg.jpg,46gg
46hp.jpg,46hp
46S8.jpg,46S8
46T4.jpg,46T4
46WT.jpg,46WT
46Zm.jpg,46Zm
47#Y.jpg,47#Y
47=9.jpg,47=9
47@3.jpg,47@3
47B#.jpg,47B#
47B4.jpg,47B4
47qt.jpg,47qt
47tE.jpg,47tE
47XM.jpg,47XM
48#S.jpg,48#S
487e.jpg,487e
487q.jpg,487q
48ax.jpg,48ax
48ha.jpg,48ha
48N3.jpg,48N3
48Qb.jpg,48Qb
48QF.jpg,48QF
48t+.jpg,48t+
49#D.jpg,49#D
49+A.jpg,49+A
4988.jpg,4988
49Ha.jpg,49Ha
49s2.jpg,49s2
49zp.jpg,49zp
4=7E.jpg,4=7E
4=A3.jpg,4=A3
4=BP.jpg,4=BP
4=c6.jpg,4=c6
4=Db.jpg,4=Db
4=FD.jpg,4=FD
4=h5.jpg,4=h5
4=s2.jpg,4=s2
4=tC.jpg,4=tC
4=z=.jpg,4=z=
4@5+.jpg,4@5+
4@AF.jpg,4@AF
4@fB.jpg,4@fB
4@N3.jpg,4@N3
4@Qr.jpg,4@Qr
4A2T.jpg,4A2T
4A88.jpg,4A88
4A8=.jpg,4A8=
4ab2.jpg,4ab2
4AM6.jpg,4AM6
4AW7.jpg,4AW7
4Ay9.jpg,4Ay9
4b6g.jpg,4b6g
4Ba@.jpg,4Ba@
4be=.jpg,4be=
4bF2.jpg,4bF2
4bKa.jpg,4bKa
4Bn3.jpg,4Bn3
4bs4.jpg,4bs4
4C3G.jpg,4C3G
4C79.jpg,4C79
4cCw.jpg,4cCw
4Cq2.jpg,4Cq2
4D9P.jpg,4D9P
4d=+.jpg,4d=+
4Dqx.jpg,4Dqx
4dW5.jpg,4dW5
4dzs.jpg,4dzs
4e#@.jpg,4e#@
4E5E.jpg,4E5E
4E73.jpg,4E73
4E=P.jpg,4E=P
4eb@.jpg,4eb@
4EG8.jpg,4EG8
4Enr.jpg,4Enr
4F45.jpg,4F45
4F54.jpg,4F54
4fgD.jpg,4fgD
4fMd.jpg,4fMd
4FW5.jpg,4FW5
4g#+.jpg,4g#+
4g#z.jpg,4g#z
4g+C.jpg,4g+C
4g==.jpg,4g==
4ga6.jpg,4ga6
4gA9.jpg,4gA9
4gaG.jpg,4gaG
4GBM.jpg,4GBM
4gq5.jpg,4gq5
4GRr.jpg,4GRr
4h44.jpg,4h44
4hBH.jpg,4hBH
4hfB.jpg,4hfB
4Hkt.jpg,4Hkt
4HM=.jpg,4HM=
4K#H.jpg,4K#H
4K2q.jpg,4K2q
4k4Q.jpg,4k4Q
4k8+.jpg,4k8+
4KA9.jpg,4KA9
4Kd3.jpg,4Kd3
4kF4.jpg,4kF4
4m8h.jpg,4m8h
4mBG.jpg,4mBG
4mHN.jpg,4mHN
4mN9.jpg,4mN9
4n#G.jpg,4n#G
4N6x.jpg,4N6x
4N9g.jpg,4N9g
4nw3.jpg,4nw3
4NWA.jpg,4NWA
4P33.jpg,4P33
4P@=.jpg,4P@=
4PD=.jpg,4PD=
4PKk.jpg,4PKk
4pn#.jpg,4pn#
4PQ2.jpg,4PQ2
4pRG.jpg,4pRG
4Pwf.jpg,4Pwf
4Py7.jpg,4Py7
4q4H.jpg,4q4H
4Qfx.jpg,4Qfx
4Qk5.jpg,4Qk5
4QME.jpg,4QME
4Qy3.jpg,4Qy3
4R2a.jpg,4R2a
4r3W.jpg,4r3W
4r9m.jpg,4r9m
4Rep.jpg,4Rep
4rFF.jpg,4rFF
4rgH.jpg,4rgH
4rmK.jpg,4rmK
4rp6.jpg,4rp6
4rT6.jpg,4rT6
4s+x.jpg,4s+x
4s8y.jpg,4s8y
4SD+.jpg,4SD+
4sf5.jpg,4sf5
4SGb.jpg,4SGb
4srz.jpg,4srz
4Swa.jpg,4Swa
4sz2.jpg,4sz2
4szs.jpg,4szs
4t27.jpg,4t27
4T2S.jpg,4T2S
4t3h.jpg,4t3h
4T5z.jpg,4T5z
4T7H.jpg,4T7H
4T=+.jpg,4T=+
4tA+.jpg,4tA+
4tcy.jpg,4tcy
4Td9.jpg,4Td9
4TDE.jpg,4TDE
4tn8.jpg,4tn8
4tRW.jpg,4tRW
4w#3.jpg,4w#3
4W#D.jpg,4W#D
4w3p.jpg,4w3p
4w4N.jpg,4w4N
4W6Z.jpg,4W6Z
4WAW.jpg,4WAW
4WD4.jpg,4WD4
4wGg.jpg,4wGg
4wKb.jpg,4wKb
4wmD.jpg,4wmD
4ws6.jpg,4ws6
4x3b.jpg,4x3b
4X3S.jpg,4X3S
4X5d.jpg,4X5d
4X6z.jpg,4X6z
4x7M.jpg,4x7M
4x=k.jpg,4x=k
4xfE.jpg,4xfE
4y4m.jpg,4y4m
4Y@D.jpg,4Y@D
4YC8.jpg,4YC8
4yDR.jpg,4yDR
4Z#C.jpg,4Z#C
4Z@3.jpg,4Z@3
4Z@K.jpg,4Z@K
4ZHb.jpg,4ZHb
4zkg.jpg,4zkg
4ZY7.jpg,4ZY7
4ZZ9.jpg,4ZZ9
5##8.jpg,5##8
5#2n.jpg,5#2n
5#Ah.jpg,5#Ah
5#xW.jpg,5#xW
5+3A.jpg,5+3A
5+5H.jpg,5+5H
5+k+.jpg,5+k+
5+KQ.jpg,5+KQ
5+mf.jpg,5+mf
5+mP.jpg,5+mP
52+#.jpg,52+#
5244.jpg,5244
524D.jpg,524D
5258.jpg,5258
52a4.jpg,52a4
52gc.jpg,52gc
52mK.jpg,52mK
52Nz.jpg,52Nz
52pQ.jpg,52pQ
52Q5.jpg,52Q5
52Rz.jpg,52Rz
52XZ.jpg,52XZ
52YR.jpg,52YR
536+.jpg,536+
53@@.jpg,53@@
53b#.jpg,53b#
53gR.jpg,53gR
53k6.jpg,53k6
53n7.jpg,53n7
544Y.jpg,544Y
5472.jpg,5472
54n2.jpg,54n2
54N8.jpg,54N8
54q9.jpg,54q9
54R#.jpg,54R#
54w4.jpg,54w4
5527.jpg,5527
552f.jpg,552f
555b.jpg,555b
558=.jpg,558=
55@k.jpg,55@k
55ea.jpg,55ea
55f7.jpg,55f7
55fE.jpg,55fE
55nh.jpg,55nh
55zg.jpg,55zg
5645.jpg,5645
565b.jpg,565b
569Y.jpg,569Y
56Ft.jpg,56Ft
56x5.jpg,56x5
56X9.jpg,56X9
577b.jpg,577b
57=p.jpg,57=p
57B9.jpg,57B9
57G7.jpg,57G7
57m@.jpg,57m@
57Tq.jpg,57Tq
57wH.jpg,57wH
57WM.jpg,57WM
58#5.jpg,58#5
58+k.jpg,58+k
583a.jpg,583a
588N.jpg,588N
58cs.jpg,58cs
58t=.jpg,58t=
58WE.jpg,58WE
58Xw.jpg,58Xw
592c.jpg,592c
5969.jpg,5969
5982.jpg,5982
59=a.jpg,59=a
59Cm.jpg,59Cm
59e5.jpg,59e5
59fx.jpg,59fx
59SS.jpg,59SS
59ZS.jpg,59ZS
5=36.jpg,5=36
5=4k.jpg,5=4k
5=5x.jpg,5=5x
5=@S.jpg,5=@S
5=Na.jpg,5=Na
5=Y7.jpg,5=Y7
5@68.jpg,5@68
5@Bg.jpg,5@Bg
5@E5.jpg,5@E5
5@fb.jpg,5@fb
5@n8.jpg,5@n8
5@r#.jpg,5@r#
5@sE.jpg,5@sE
5@TW.jpg,5@TW
5A+q.jpg,5A+q
5A2B.jpg,5A2B
5a2h.jpg,5a2h
5a@5.jpg,5a@5
5a@8.jpg,5a@8
5aKN.jpg,5aKN
5ARG.jpg,5ARG
5AZ2.jpg,5AZ2
5b4b.jpg,5b4b
5b4P.jpg,5b4P
5B=4.jpg,5B=4
5Bb4.jpg,5Bb4
5bBa.jpg,5bBa
5BCr.jpg,5BCr
5bkF.jpg,5bkF
5c46.jpg,5c46
5c6t.jpg,5c6t
5c@5.jpg,5c@5
5cE4.jpg,5cE4
5d95.jpg,5d95
5D@+.jpg,5D@+
5Dc5.jpg,5Dc5
5Dz4.jpg,5Dz4
5DzS.jpg,5DzS
5E#s.jpg,5E#s
5e4E.jpg,5e4E
5e5p.jpg,5e5p
5E6X.jpg,5E6X
5EPd.jpg,5EPd
5epT.jpg,5epT
5EYf.jpg,5EYf
5F4M.jpg,5F4M
5F68.jpg,5F68
5F=e.jpg,5F=e
5fk#.jpg,5fk#
5FKA.jpg,5FKA
5fT2.jpg,5fT2
5fX7.jpg,5fX7
5g28.jpg,5g28
5G33.jpg,5G33
5g4e.jpg,5g4e
5G5E.jpg,5G5E
5GDd.jpg,5GDd
5GfQ.jpg,5GfQ
5ghX.jpg,5ghX
5GhZ.jpg,5GhZ
5GS8.jpg,5GS8
5GT4.jpg,5GT4
5GYn.jpg,5GYn
5h+c.jpg,5h+c
5h3Y.jpg,5h3Y
5h8e.jpg,5h8e
5h@Y.jpg,5h@Y
5hdm.jpg,5hdm
5Hkp.jpg,5Hkp
5hP9.jpg,5hP9
5hPG.jpg,5hPG
5hwB.jpg,5hwB
5K24.jpg,5K24
5K6e.jpg,5K6e
5k8R.jpg,5k8R
5Ka3.jpg,5Ka3
5Kam.jpg,5Kam
5kas.jpg,5kas
5kD3.jpg,5kD3
5KDm.jpg,5KDm
5ker.jpg,5ker
5kh5.jpg,5kh5
5KpM.jpg,5KpM
5M32.jpg,5M32
5mh=.jpg,5mh=
5MwG.jpg,5MwG
5Mwr.jpg,5Mwr
5mww.jpg,5mww
5Mx7.jpg,5Mx7
5n36.jpg,5n36
5N4@.jpg,5N4@
5N95.jpg,5N95
5naG.jpg,5naG
5Nb5.jpg,5Nb5
5nqD.jpg,5nqD
5NrW.jpg,5NrW
5Nyg.jpg,5Nyg
5p3r.jpg,5p3r
5p7c.jpg,5p7c
5p=x.jpg,5p=x
5P@A.jpg,5P@A
5PMt.jpg,5PMt
5pn6.jpg,5pn6
5Q#7.jpg,5Q#7
5Q69.jpg,5Q69
5qfa.jpg,5qfa
5qmG.jpg,5qmG
5Qw4.jpg,5Qw4
5r28.jpg,5r28
5R4k.jpg,5R4k
5r8p.jpg,5r8p
5R=C.jpg,5R=C
5Reh.jpg,5Reh
5rpA.jpg,5rpA
5RYb.jpg,5RYb
5s#7.jpg,5s#7
5s#D.jpg,5s#D
5s7@.jpg,5s7@
5SCR.jpg,5SCR
5Srq.jpg,5Srq
5tC@.jpg,5tC@
5TeT.jpg,5TeT
5TpD.jpg,5TpD
5tR9.jpg,5tR9
5tzT.jpg,5tzT
5Wd9.jpg,5Wd9
5whM.jpg,5whM
5wr7.jpg,5wr7
5WsC.jpg,5WsC
5X79.jpg,5X79
5XN9.jpg,5XN9
5xQn.jpg,5xQn
5Y9+.jpg,5Y9+
5Yar.jpg,5Yar
5YCT.jpg,5YCT
5Ytw.jpg,5Ytw
5yWz.jpg,5yWz
5Z7x.jpg,5Z7x
5zaN.jpg,5zaN
5ZcG.jpg,5ZcG
5ZNh.jpg,5ZNh
5zTs.jpg,5zTs
5zzC.jpg,5zzC
6##S.jpg,6##S
6#62.jpg,6#62
6#6D.jpg,6#6D
6#84.jpg,6#84
6#8K.jpg,6#8K
6#AW.jpg,6#AW
6#BF.jpg,6#BF
6#FN.jpg,6#FN
6#ft.jpg,6#ft
6#GN.jpg,6#GN
6#m7.jpg,6#m7
6#P3.jpg,6#P3
6#R2.jpg,6#R2
6#x#.jpg,6#x#
6#YK.jpg,6#YK
6++c.jpg,6++c
6++h.jpg,6++h
6+7G.jpg,6+7G
6+9k.jpg,6+9k
6+=B.jpg,6+=B
6+A#.jpg,6+A#
6+D5.jpg,6+D5
6+nK.jpg,6+nK
6+rn.jpg,6+rn
6+Wa.jpg,6+Wa
624@.jpg,624@
6265.jpg,6265
62D@.jpg,62D@
62kY.jpg,62kY
62NN.jpg,62NN
62Rz.jpg,62Rz
634n.jpg,634n
637Z.jpg,637Z
63E9.jpg,63E9
63hx.jpg,63hx
64a#.jpg,64a#
64dh.jpg,64dh
64Dt.jpg,64Dt
64xh.jpg,64xh
6559.jpg,6559
6577.jpg,6577
659g.jpg,659g
65c4.jpg,65c4
65C6.jpg,65C6
65M9.jpg,65M9
65Yz.jpg,65Yz
66##.jpg,66##
66+7.jpg,66+7
66+q.jpg,66+q
665E.jpg,665E
666M.jpg,666M
669h.jpg,669h
66=2.jpg,66=2
66Aq.jpg,66Aq
66Dk.jpg,66Dk
66Pg.jpg,66Pg
66R8.jpg,66R8
66T8.jpg,66T8
66WG.jpg,66WG
675Y.jpg,675Y
67d#.jpg,67d#
67kd.jpg,67kd
67mp.jpg,67mp
67pE.jpg,67pE
67Q#.jpg,67Q#
67sP.jpg,67sP
67tQ.jpg,67tQ
67XR.jpg,67XR
67z2.jpg,67z2
682@.jpg,682@
6897.jpg,6897
689h.jpg,689h
68dR.jpg,68dR
68Ge.jpg,68Ge
68q@.jpg,68q@
68wa.jpg,68wa
68Wz.jpg,68Wz
68zf.jpg,68zf
69++.jpg,69++
6964.jpg,6964
697A.jpg,697A
699R.jpg,699R
6=2D.jpg,6=2D
6=@Z.jpg,6=@Z
6=A6.jpg,6=A6
6=Ds.jpg,6=Ds
6=NG.jpg,6=NG
6=r=.jpg,6=r=
6=sx.jpg,6=sx
6@8k.jpg,6@8k
6@ee.jpg,6@ee
6@N@.jpg,6@N@
6@QZ.jpg,6@QZ
6a28.jpg,6a28
6a32.jpg,6a32
6a4m.jpg,6a4m
6AA=.jpg,6AA=
6AAD.jpg,6AAD
6aaT.jpg,6aaT
6AC#.jpg,6AC#
6AfR.jpg,6AfR
6aR3.jpg,6aR3
6ay6.jpg,6ay6
6B+G.jpg,6B+G
6B@R.jpg,6B@R
6Ba2.jpg,6Ba2
6bfa.jpg,6bfa
6Bgk.jpg,6Bgk
6bgn.jpg,6bgn
6Bhf.jpg,6Bhf
6bwh.jpg,6bwh
6BXD.jpg,6BXD
6c24.jpg,6c24
6C5#.jpg,6C5#
6C6H.jpg,6C6H
6c7G.jpg,6c7G
6C89.jpg,6C89
6C=G.jpg,6C=G
6CwD.jpg,6CwD
6CwN.jpg,6CwN
6Cyd.jpg,6Cyd
6cYe.jpg,6cYe
6CZt.jpg,6CZt
6DeQ.jpg,6DeQ
6dG@.jpg,6dG@
6dRR.jpg,6dRR
6Dwq.jpg,6Dwq
6E3#.jpg,6E3#
6e3r.jpg,6e3r
6E48.jpg,6E48
6E6W.jpg,6E6W
6e9R.jpg,6e9R
6e=b.jpg,6e=b
6EA=.jpg,6EA=
6f#+.jpg,6f#+
6f37.jpg,6f37
6F3c.jpg,6F3c
6f7W.jpg,6f7W
6fcb.jpg,6fcb
6fH9.jpg,6fH9
6Fmc.jpg,6Fmc
6FMf.jpg,6FMf
6fYG.jpg,6fYG
6G59.jpg,6G59
6g5y.jpg,6g5y
6g9a.jpg,6g9a
6gD2.jpg,6gD2
6GGF.jpg,6GGF
6Gn=.jpg,6Gn=
6GtD.jpg,6GtD
6GtH.jpg,6GtH
6H2K.jpg,6H2K
6h58.jpg,6h58
6H6w.jpg,6H6w
6h@@.jpg,6h@@
6HgN.jpg,6HgN
6K5P.jpg,6K5P
6K8q.jpg,6K8q
6K=S.jpg,6K=S
6kaN.jpg,6kaN
6KFs.jpg,6KFs
6KH7.jpg,6KH7
6kq#.jpg,6kq#
6M#9.jpg,6M#9
6m8m.jpg,6m8m
6m9@.jpg,6m9@
6m=h.jpg,6m=h
6MeK.jpg,6MeK
6mFR.jpg,6mFR
6mHH.jpg,6mHH
6mMq.jpg,6mMq
6N4W.jpg,6N4W
6n4X.jpg,6n4X
6n8x.jpg,6n8x
6nH=.jpg,6nH=
6p32.jpg,6p32
6P79.jpg,6P79
6p8e.jpg,6p8e
6pEF.jpg,6pEF
6pwM.jpg,6pwM
6Q#D.jpg,6Q#D
6Q#K.jpg,6Q#K
6Q38.jpg,6Q38
6Q7H.jpg,6Q7H
6Q88.jpg,6Q88
6q97.jpg,6q97
6QMN.jpg,6QMN
6qqG.jpg,6qqG
6QRG.jpg,6QRG
6r4G.jpg,6r4G
6raQ.jpg,6raQ
6RCX.jpg,6RCX
6rh5.jpg,6rh5
6RPx.jpg,6RPx
6Rrk.jpg,6Rrk
6rSD.jpg,6rSD
6rx6.jpg,6rx6
6rXT.jpg,6rXT
6s=@.jpg,6s=@
6sFc.jpg,6sFc
6T#R.jpg,6T#R
6t5H.jpg,6t5H
6T=@.jpg,6T=@
6TB3.jpg,6TB3
6tf8.jpg,6tf8
6TFn.jpg,6TFn
6tfP.jpg,6tfP
6W5w.jpg,6W5w
6W7d.jpg,6W7d
6W8M.jpg,6W8M
6WaF.jpg,6WaF
6wc2.jpg,6wc2
6WCE.jpg,6WCE
6wzQ.jpg,6wzQ
6X=Z.jpg,6X=Z
6X@C.jpg,6X@C
6XB2.jpg,6XB2
6XC5.jpg,6XC5
6XCc.jpg,6XCc
6xEz.jpg,6xEz
6y#Z.jpg,6y#Z
6Y64.jpg,6Y64
6Y9e.jpg,6Y9e
6yag.jpg,6yag
6YCD.jpg,6YCD
6YE=.jpg,6YE=
6YHK.jpg,6YHK
6YHm.jpg,6YHm
6yRn.jpg,6yRn
6ysE.jpg,6ysE
6yY9.jpg,6yY9
6yZQ.jpg,6yZQ
6z#K.jpg,6z#K
6Z4n.jpg,6Z4n
6Z7Z.jpg,6Z7Z
6Z96.jpg,6Z96
6zhb.jpg,6zhb
6zmg.jpg,6zmg
6ZPK.jpg,6ZPK
7##9.jpg,7##9
7#88.jpg,7#88
7#9@.jpg,7#9@
7#9E.jpg,7#9E
7#M2.jpg,7#M2
7#q2.jpg,7#q2
7+7c.jpg,7+7c
7+99.jpg,7+99
7+M3.jpg,7+M3
7+ns.jpg,7+ns
7+pw.jpg,7+pw
7+sd.jpg,7+sd
72+T.jpg,72+T
722z.jpg,722z
724M.jpg,724M
725P.jpg,725P
728a.jpg,728a
72b3.jpg,72b3
72mY.jpg,72mY
72P=.jpg,72P=
72Rk.jpg,72Rk
72x8.jpg,72x8
72Ya.jpg,72Ya
7343.jpg,7343
734q.jpg,734q
737P.jpg,737P
73@G.jpg,73@G
73c7.jpg,73c7
73G+.jpg,73G+
73nB.jpg,73nB
73ne.jpg,73ne
73NQ.jpg,73NQ
73NS.jpg,73NS
73P@.jpg,73P@
73pq.jpg,73pq
73Y3.jpg,73Y3
74#6.jpg,74#6
743b.jpg,743b
74=8.jpg,74=8
74en.jpg,74en
74hb.jpg,74hb
74kG.jpg,74kG
74RQ.jpg,74RQ
74s9.jpg,74s9
75=s.jpg,75=s
75S#.jpg,75S#
75s6.jpg,75s6
75TC.jpg,75TC
75xr.jpg,75xr
763k.jpg,763k
769g.jpg,769g
76=6.jpg,76=6
76ee.jpg,76ee
76mq.jpg,76mq
76p#.jpg,76p#
76pm.jpg,76pm
76sE.jpg,76sE
7757.jpg,7757
77BD.jpg,77BD
77c9.jpg,77c9
77d4.jpg,77d4
77eE.jpg,77eE
77m9.jpg,77m9
77Na.jpg,77Na
789#.jpg,789#
789x.jpg,789x
78CG.jpg,78CG
78Fd.jpg,78Fd
78gC.jpg,78gC
78xW.jpg,78xW
78YX.jpg,78YX
792a.jpg,792a
7944.jpg,7944
798P.jpg,798P
79f2.jpg,79f2
79fM.jpg,79fM
79PM.jpg,79PM
7=+m.jpg,7=+m
7=9E.jpg,7=9E
7=fb.jpg,7=fb
7=Mf.jpg,7=Mf
7=S5.jpg,7=S5
7@=h.jpg,7@=h
7@=s.jpg,7@=s
7@dZ.jpg,7@dZ
7@S7.jpg,7@S7
7@xs.jpg,7@xs
7@Y+.jpg,7@Y+
7a8k.jpg,7a8k
7Abk.jpg,7Abk
7aC9.jpg,7aC9
7aEH.jpg,7aEH
7an4.jpg,7an4
7AsA.jpg,7AsA
7AsE.jpg,7AsE
7B39.jpg,7B39
7b4w.jpg,7b4w
7B=@.jpg,7B=@
7BbY.jpg,7BbY
7Be7.jpg,7Be7
7BP2.jpg,7BP2
7btc.jpg,7btc
7Bw6.jpg,7Bw6
7BXx.jpg,7BXx
7c@q.jpg,7c@q
7can.jpg,7can
7CAY.jpg,7CAY
7CbF.jpg,7CbF
7CCA.jpg,7CCA
7cch.jpg,7cch
7cDf.jpg,7cDf
7cfg.jpg,7cfg
7chr.jpg,7chr
7cZe.jpg,7cZe
7d77.jpg,7d77
7dD5.jpg,7dD5
7dn4.jpg,7dn4
7DNt.jpg,7DNt
7dtQ.jpg,7dtQ
7dXb.jpg,7dXb
7DXM.jpg,7DXM
7e68.jpg,7e68
7E99.jpg,7E99
7edk.jpg,7edk
7ES8.jpg,7ES8
7eWC.jpg,7eWC
7EXT.jpg,7EXT
7ez@.jpg,7ez@
7fEK.jpg,7fEK
7Ff6.jpg,7Ff6
7FHC.jpg,7FHC
7fsc.jpg,7fsc
7g#s.jpg,7g#s
7g+B.jpg,7g+B
7G8a.jpg,7G8a
7G9#.jpg,7G9#
7GCD.jpg,7GCD
7GF2.jpg,7GF2
7gfb.jpg,7gfb
7h2G.jpg,7h2G
7H7H.jpg,7H7H
7H8H.jpg,7H8H
7h=5.jpg,7h=5
7H=T.jpg,7H=T
7hM@.jpg,7hM@
7hTT.jpg,7hTT
7k92.jpg,7k92
7KkA.jpg,7KkA
7Kpa.jpg,7Kpa
7M3y.jpg,7M3y
7MP4.jpg,7MP4
7mw#.jpg,7mw#
7my8.jpg,7my8
7N+9.jpg,7N+9
7N2Y.jpg,7N2Y
7n5#.jpg,7n5#
7N9m.jpg,7N9m
7N@#.jpg,7N@#
7P4S.jpg,7P4S
7PCQ.jpg,7PCQ
7Phx.jpg,7Phx
7Q2f.jpg,7Q2f
7Q@7.jpg,7Q@7
7qBS.jpg,7qBS
7qF8.jpg,7qF8
7QWM.jpg,7QWM
7r4s.jpg,7r4s
7R8d.jpg,7R8d
7r=7.jpg,7r=7
7rB9.jpg,7rB9
7rFb.jpg,7rFb
7rk#.jpg,7rk#
7RNF.jpg,7RNF
7rxm.jpg,7rxm
7s+N.jpg,7s+N
7s2c.jpg,7s2c
7S2s.jpg,7S2s
7S3E.jpg,7S3E
7s=+.jpg,7s=+
7SCr.jpg,7SCr
7sDy.jpg,7sDy
7sek.jpg,7sek
7SeN.jpg,7SeN
7sNY.jpg,7sNY
7SpC.jpg,7SpC
7SR9.jpg,7SR9
7SRF.jpg,7SRF
7T45.jpg,7T45
7t9n.jpg,7t9n
7T=T.jpg,7T=T
7t@7.jpg,7t@7
7t@f.jpg,7t@f
7TDZ.jpg,7TDZ
7tG6.jpg,7tG6
7Th@.jpg,7Th@
7TPS.jpg,7TPS
7Tz6.jpg,7Tz6
7W+8.jpg,7W+8
7W4A.jpg,7W4A
7w5R.jpg,7w5R
7W7+.jpg,7W7+
7W8w.jpg,7W8w
7Weq.jpg,7Weq
7WFC.jpg,7WFC
7wk@.jpg,7wk@
7wNW.jpg,7wNW
7wq4.jpg,7wq4
7x8S.jpg,7x8S
7xc6.jpg,7xc6
7XrD.jpg,7XrD
7XT+.jpg,7XT+
7Y3h.jpg,7Y3h
7y4f.jpg,7y4f
7Y59.jpg,7Y59
7Y92.jpg,7Y92
7Ydx.jpg,7Ydx
7YfW.jpg,7YfW
7Z#A.jpg,7Z#A
7Z#z.jpg,7Z#z
7z25.jpg,7z25
7Z2b.jpg,7Z2b
7z=3.jpg,7z=3
7z@b.jpg,7z@b
7za=.jpg,7za=
7zfD.jpg,7zfD
7zmA.jpg,7zmA
7Zn2.jpg,7Zn2
7zwq.jpg,7zwq
7zWZ.jpg,7zWZ
7Zzm.jpg,7Zzm
8#5G.jpg,8#5G
8#9R.jpg,8#9R
8#==.jpg,8#==
8#b7.jpg,8#b7
8#EX.jpg,8#EX
8#Kc.jpg,8#Kc
8#TH.jpg,8#TH
8#y4.jpg,8#y4
8+2@.jpg,8+2@
8+D5.jpg,8+D5
8+p6.jpg,8+p6
8+T4.jpg,8+T4
8+TK.jpg,8+TK
8255.jpg,8255
82@Q.jpg,82@Q
82R3.jpg,82R3
82s8.jpg,82s8
82Xb.jpg,82Xb
833k.jpg,833k
834H.jpg,834H
8387.jpg,8387
83S4.jpg,83S4
84+6.jpg,84+6
843x.jpg,843x
8446.jpg,8446
849w.jpg,849w
84Fe.jpg,84Fe
84g@.jpg,84g@
84hr.jpg,84hr
84M@.jpg,84M@
84Nt.jpg,84Nt
84pb.jpg,84pb
84r5.jpg,84r5
84R8.jpg,84R8
84SR.jpg,84SR
855r.jpg,855r
85=d.jpg,85=d
85b6.jpg,85b6
85BB.jpg,85BB
85k5.jpg,85k5
85mB.jpg,85mB
85P6.jpg,85P6
85qw.jpg,85qw
85t+.jpg,85t+
868@.jpg,868@
86a3.jpg,86a3
86aq.jpg,86aq
86D7.jpg,86D7
86s#.jpg,86s#
86Y3.jpg,86Y3
86Ys.jpg,86Ys
874y.jpg,874y
87C6.jpg,87C6
87Df.jpg,87Df
87FB.jpg,87FB
87k+.jpg,87k+
87y5.jpg,87y5
88#b.jpg,88#b
883h.jpg,883h
8845.jpg,8845
88=F.jpg,88=F
88H6.jpg,88H6
88q2.jpg,88q2
88wx.jpg,88wx
88X5.jpg,88X5
88Zh.jpg,88Zh
89DN.jpg,89DN
89dy.jpg,89dy
89t6.jpg,89t6
89YW.jpg,89YW
8=+T.jpg,8=+T
8=34.jpg,8=34
8=46.jpg,8=46
8=6E.jpg,8=6E
8==2.jpg,8==2
8=P2.jpg,8=P2
8=p3.jpg,8=p3
8=QN.jpg,8=QN
8=S5.jpg,8=S5
8@4@.jpg,8@4@
8@=E.jpg,8@=E
8@Qc.jpg,8@Qc
8@tB.jpg,8@tB
8am7.jpg,8am7
8aP8.jpg,8aP8
8B9W.jpg,8B9W
8Bg8.jpg,8Bg8
8bh=.jpg,8bh=
8C#K.jpg,8C#K
8C+3.jpg,8C+3
8C48.jpg,8C48
8c6Q.jpg,8c6Q
8CQS.jpg,8CQS
8CRw.jpg,8CRw
8d=4.jpg,8d=4
8D@6.jpg,8D@6
8dAS.jpg,8dAS
8Dd5.jpg,8Dd5
8Dfs.jpg,8Dfs
8dNZ.jpg,8dNZ
8dt2.jpg,8dt2
8DW=.jpg,8DW=
8e#x.jpg,8e#x
8e+w.jpg,8e+w
8e7+.jpg,8e7+
8E=N.jpg,8E=N
8eA=.jpg,8eA=
8EFe.jpg,8EFe
8EN6.jpg,8EN6
8eRK.jpg,8eRK
8esS.jpg,8esS
8eXq.jpg,8eXq
8f6e.jpg,8f6e
8F6F.jpg,8F6F
8fbz.jpg,8fbz
8fGk.jpg,8fGk
8fhP.jpg,8fhP
8Fk+.jpg,8Fk+
8fqQ.jpg,8fqQ
8fT6.jpg,8fT6
8fwM.jpg,8fwM
8G2B.jpg,8G2B
8g92.jpg,8g92
8gA3.jpg,8gA3
8gp=.jpg,8gp=
8GT4.jpg,8GT4
8H#F.jpg,8H#F
8h+d.jpg,8h+d
8h43.jpg,8h43
8h4P.jpg,8h4P
8Hd9.jpg,8Hd9
8HdD.jpg,8HdD
8K38.jpg,8K38
8K3=.jpg,8K3=
8K@2.jpg,8K@2
8K@r.jpg,8K@r
8KM@.jpg,8KM@
8Kn2.jpg,8Kn2
8KYP.jpg,8KYP
8m#g.jpg,8m#g
8M+M.jpg,8M+M
8M3H.jpg,8M3H
8M6N.jpg,8M6N
8m7r.jpg,8m7r
8Md8.jpg,8Md8
8mh2.jpg,8mh2
8Mnd.jpg,8Mnd
8n34.jpg,8n34
8nAk.jpg,8nAk
8NGg.jpg,8NGg
8nKd.jpg,8nKd
8NP#.jpg,8NP#
8NrW.jpg,8NrW
8NrX.jpg,8NrX
8Ntc.jpg,8Ntc
8P#G.jpg,8P#G
8p8f.jpg,8p8f
8Pn@.jpg,8Pn@
8pq#.jpg,8pq#
8PRD.jpg,8PRD
8pT#.jpg,8pT#
8q#5.jpg,8q#5
8Q34.jpg,8Q34
8Q4=.jpg,8Q4=
8Q7c.jpg,8Q7c
8Q92.jpg,8Q92
8q@k.jpg,8q@k
8qat.jpg,8qat
8qBS.jpg,8qBS
8qd#.jpg,8qd#
8qR6.jpg,8qR6
8qRm.jpg,8qRm
8R5#.jpg,8R5#
8R8w.jpg,8R8w
8Rf9.jpg,8Rf9
8RfM.jpg,8RfM
8rk4.jpg,8rk4
8Rkp.jpg,8Rkp
8rmq.jpg,8rmq
8rq6.jpg,8rq6
8rq9.jpg,8rq9
8s7@.jpg,8s7@
8s9T.jpg,8s9T
8sc7.jpg,8sc7
8t+F.jpg,8t+F
8T+t.jpg,8T+t
8t4p.jpg,8t4p
8T6c.jpg,8T6c
8t78.jpg,8t78
8t@q.jpg,8t@q
8TBg.jpg,8TBg
8TFH.jpg,8TFH
8tq6.jpg,8tq6
8TS7.jpg,8TS7
8tTC.jpg,8tTC
8W54.jpg,8W54
8W7p.jpg,8W7p
8w==.jpg,8w==
8wh4.jpg,8wh4
8x2K.jpg,8x2K
8xB+.jpg,8xB+
8XTD.jpg,8XTD
8xTH.jpg,8xTH
8xyy.jpg,8xyy
8y88.jpg,8y88
8yC+.jpg,8yC+
8YC7.jpg,8YC7
8yEf.jpg,8yEf
8yge.jpg,8yge
8YGZ.jpg,8YGZ
8Yx6.jpg,8Yx6
8yyA.jpg,8yyA
8z4t.jpg,8z4t
8Z=d.jpg,8Z=d
8ZA5.jpg,8ZA5
8ZG7.jpg,8ZG7
8ZK7.jpg,8ZK7
8ZPD.jpg,8ZPD
8ZSB.jpg,8ZSB
8zsd.jpg,8zsd
8zwz.jpg,8zwz
9#38.jpg,9#38
9#3@.jpg,9#3@
9#89.jpg,9#89
9#8c.jpg,9#8c
9#aZ.jpg,9#aZ
9#Dm.jpg,9#Dm
9#hK.jpg,9#hK
9#Z6.jpg,9#Z6
9+c2.jpg,9+c2
9+H@.jpg,9+H@
9+N=.jpg,9+N=
9+q3.jpg,9+q3
9+R8.jpg,9+R8
9+Sx.jpg,9+Sx
9+zP.jpg,9+zP
922n.jpg,922n
925G.jpg,925G
927K.jpg,927K
92gq.jpg,92gq
93#g.jpg,93#g
9397.jpg,9397
93A#.jpg,93A#
93cg.jpg,93cg
93et.jpg,93et
93kx.jpg,93kx
942K.jpg,942K
9467.jpg,9467
94S#.jpg,94S#
94ta.jpg,94ta
95#D.jpg,95#D
954E.jpg,954E
955A.jpg,955A
9564.jpg,9564
95aQ.jpg,95aQ
95aW.jpg,95aW
95G=.jpg,95G=
95q5.jpg,95q5
95qE.jpg,95qE
95TZ.jpg,95TZ
95X7.jpg,95X7
95yn.jpg,95yn
96#D.jpg,96#D
964y.jpg,964y
967Q.jpg,967Q
969B.jpg,969B
96=#.jpg,96=#
96bA.jpg,96bA
96Gz.jpg,96Gz
96K#.jpg,96K#
96K9.jpg,96K9
96MM.jpg,96MM
96q2.jpg,96q2
96rB.jpg,96rB
97#X.jpg,97#X
972@.jpg,972@
973D.jpg,973D
9787.jpg,9787
97B8.jpg,97B8
97M5.jpg,97M5
97QC.jpg,97QC
97sW.jpg,97sW
97T5.jpg,97T5
97Yd.jpg,97Yd
9826.jpg,9826
98hf.jpg,98hf
98hw.jpg,98hw
9924.jpg,9924
999#.jpg,999#
99E+.jpg,99E+
99F6.jpg,99F6
99fy.jpg,99fy
99kq.jpg,99kq
99RT.jpg,99RT
99RZ.jpg,99RZ
9=7q.jpg,9=7q
9=86.jpg,9=86
9==S.jpg,9==S
9=@G.jpg,9=@G
9=FB.jpg,9=FB
9=P5.jpg,9=P5
9=tp.jpg,9=tp
9@3B.jpg,9@3B
9@g8.jpg,9@g8
9@MM.jpg,9@MM
9@nY.jpg,9@nY
9a+5.jpg,9a+5
9A=r.jpg,9A=r
9AB2.jpg,9AB2
9aB8.jpg,9aB8
9AB9.jpg,9AB9
9acw.jpg,9acw
9aG7.jpg,9aG7
9AkR.jpg,9AkR
9aQ#.jpg,9aQ#
9at8.jpg,9at8
9aWS.jpg,9aWS
9B5Q.jpg,9B5Q
9b6+.jpg,9b6+
9B85.jpg,9B85
9bCt.jpg,9bCt
9bfD.jpg,9bfD
9bma.jpg,9bma
9bPh.jpg,9bPh
9C28.jpg,9C28
9C5#.jpg,9C5#
9c5h.jpg,9c5h
9C8@.jpg,9C8@
9C9Q.jpg,9C9Q
9Cbm.jpg,9Cbm
9CM4.jpg,9CM4
9CRK.jpg,9CRK
9d7n.jpg,9d7n
9d7w.jpg,9d7w
9d9W.jpg,9d9W
9DdH.jpg,9DdH
9DHB.jpg,9DHB
9dQF.jpg,9dQF
9DRA.jpg,9DRA
9e4#.jpg,9e4#
9E6F.jpg,9E6F
9E6R.jpg,9E6R
9e=5.jpg,9e=5
9F22.jpg,9F22
9f97.jpg,9f97
9fH+.jpg,9fH+
9fnA.jpg,9fnA
9FPX.jpg,9FPX
9fzG.jpg,9fzG
9g6k.jpg,9g6k
9g7X.jpg,9g7X
9G9b.jpg,9G9b
9g=r.jpg,9g=r
9Gnd.jpg,9Gnd
9gp#.jpg,9gp#
9Gy=.jpg,9Gy=
9h@p.jpg,9h@p
9Hdg.jpg,9Hdg
9hkt.jpg,9hkt
9HPM.jpg,9HPM
9Hq+.jpg,9Hq+
9Htx.jpg,9Htx
9Hz3.jpg,9Hz3
9K89.jpg,9K89
9K8Q.jpg,9K8Q
9K=6.jpg,9K=6
9k@2.jpg,9k@2
9kbG.jpg,9kbG
9Kes.jpg,9Kes
9Kr7.jpg,9Kr7
9M54.jpg,9M54
9m62.jpg,9m62
9m8r.jpg,9m8r
9MSq.jpg,9MSq
9N62.jpg,9N62
9n6H.jpg,9n6H
9n72.jpg,9n72
9NEG.jpg,9NEG
9nh=.jpg,9nh=
9npa.jpg,9npa
9nqH.jpg,9nqH
9nt8.jpg,9nt8
9nwH.jpg,9nwH
9P36.jpg,9P36
9P8+.jpg,9P8+
9p9@.jpg,9p9@
9PBT.jpg,9PBT
9PKt.jpg,9PKt
9pXY.jpg,9pXY
9Q38.jpg,9Q38
9q3W.jpg,9q3W
9Q7Q.jpg,9Q7Q
9Q8S.jpg,9Q8S
9Q=n.jpg,9Q=n
9q@+.jpg,9q@+
9QBw.jpg,9QBw
9qhM.jpg,9qhM
9QRr.jpg,9QRr
9Qs5.jpg,9Qs5
9r+7.jpg,9r+7
9R6X.jpg,9R6X
9r@5.jpg,9r@5
9RDM.jpg,9RDM
9rF3.jpg,9rF3
9RM@.jpg,9RM@
9RR9.jpg,9RR9
9s@9.jpg,9s@9
9Saf.jpg,9Saf
9SC3.jpg,9SC3
9SGR.jpg,9SGR
9Sk8.jpg,9Sk8
9tmQ.jpg,9tmQ
9TMR.jpg,9TMR
9tqs.jpg,9tqs
9ttk.jpg,9ttk
9w#3.jpg,9w#3
9W5G.jpg,9W5G
9was.jpg,9was
9WBD.jpg,9WBD
9WBH.jpg,9WBH
9WHY.jpg,9WHY
9Wn8.jpg,9Wn8
9wP4.jpg,9wP4
9WsH.jpg,9WsH
9wss.jpg,9wss
9Wz=.jpg,9Wz=
9x5f.jpg,9x5f
9x5H.jpg,9x5H
9X95.jpg,9X95
9x=Q.jpg,9x=Q
9Xbw.jpg,9Xbw
9xgc.jpg,9xgc
9xp#.jpg,9xp#
9xSn.jpg,9xSn
9XZN.jpg,9XZN
9y2=.jpg,9y2=
9y38.jpg,9y38
9YfB.jpg,9YfB
9Ygr.jpg,9Ygr
9Ys9.jpg,9Ys9
9Z26.jpg,9Z26
9z6w.jpg,9z6w
9Z84.jpg,9Z84
9Z8g.jpg,9Z8g
9z93.jpg,9z93
9ZGr.jpg,9ZGr
9zH5.jpg,9zH5
9Zhd.jpg,9Zhd
9Znq.jpg,9Znq
9ZSE.jpg,9ZSE
=SWT.jpg,=SWT
=T+6.jpg,=T+6
=tbq.jpg,=tbq
=tdD.jpg,=tdD
=TSE.jpg,=TSE
=txN.jpg,=txN
=w3t.jpg,=w3t
=w4x.jpg,=w4x
=wB7.jpg,=wB7
=WFn.jpg,=WFn
=wp7.jpg,=wp7
=x9r.jpg,=x9r
=xDD.jpg,=xDD
=xT4.jpg,=xT4
=Ya8.jpg,=Ya8
=yed.jpg,=yed
=Yt6.jpg,=Yt6
=YZC.jpg,=YZC
=Z6w.jpg,=Z6w
=Z=9.jpg,=Z=9
=Zgs.jpg,=Zgs
=ZNW.jpg,=ZNW
=zpB.jpg,=zpB
=zq@.jpg,=zq@
=zs3.jpg,=zs3
A#5+.jpg,A#5+
A#5R.jpg,A#5R
A#=P.jpg,A#=P
A#ep.jpg,A#ep
A#MQ.jpg,A#MQ
A#PT.jpg,A#PT
a#tQ.jpg,a#tQ
A+@h.jpg,A+@h
A+mk.jpg,A+mk
A+s7.jpg,A+s7
a+x@.jpg,a+x@
a+Z9.jpg,a+Z9
A2#5.jpg,A2#5
A292.jpg,A292
a2Fp.jpg,a2Fp
a2GX.jpg,a2GX
a2Hf.jpg,a2Hf
a2p5.jpg,a2p5
a2Tq.jpg,a2Tq
A2TR.jpg,A2TR
A2Tw.jpg,A2Tw
A2xF.jpg,A2xF
a3#S.jpg,a3#S
a32h.jpg,a32h
A336.jpg,A336
A345.jpg,A345
A376.jpg,A376
a3=c.jpg,a3=c
a3af.jpg,a3af
A3c9.jpg,A3c9
a3qN.jpg,a3qN
a3te.jpg,a3te
a43N.jpg,a43N
a45a.jpg,a45a
a46M.jpg,a46M
A48x.jpg,A48x
a4FG.jpg,a4FG
A4Kf.jpg,A4Kf
a4mt.jpg,a4mt
A4PS.jpg,A4PS
A5##.jpg,A5##
a5@2.jpg,a5@2
A5@@.jpg,A5@@
A5Be.jpg,A5Be
A5Bt.jpg,A5Bt
A5HT.jpg,A5HT
A5R3.jpg,A5R3
A5zX.jpg,A5zX
A5ZZ.jpg,A5ZZ
A675.jpg,A675
a682.jpg,a682
A6s2.jpg,A6s2
a6X+.jpg,a6X+
a746.jpg,a746
A79@.jpg,A79@
a7aW.jpg,a7aW
a7bz.jpg,a7bz
A7cK.jpg,A7cK
a7GG.jpg,a7GG
a7Z9.jpg,a7Z9
a86e.jpg,a86e
a897.jpg,a897
a8BM.jpg,a8BM
A8cE.jpg,A8cE
A8CM.jpg,A8CM
A8E8.jpg,A8E8
a8q2.jpg,a8q2
a93x.jpg,a93x
a99s.jpg,a99s
A9AK.jpg,A9AK
A9aq.jpg,A9aq
A9H6.jpg,A9H6
a=ds.jpg,a=ds
A=E=.jpg,A=E=
a=r6.jpg,a=r6
A=sz.jpg,A=sz
A@4s.jpg,A@4s
A@7#.jpg,A@7#
A@fm.jpg,A@fm
aA#Q.jpg,aA#Q
AA46.jpg,AA46
aa52.jpg,aa52
Aa55.jpg,Aa55
Aa69.jpg,Aa69
aa6q.jpg,aa6q
aA85.jpg,aA85
AAF@.jpg,AAF@
aagK.jpg,aagK
AAht.jpg,AAht
aANx.jpg,aANx
aB77.jpg,aB77
aBcT.jpg,aBcT
AbK8.jpg,AbK8
ABMd.jpg,ABMd
ABnn.jpg,ABnn
aBPk.jpg,aBPk
AbQ4.jpg,AbQ4
aby8.jpg,aby8
aBYK.jpg,aBYK
ac#t.jpg,ac#t
Ac3a.jpg,Ac3a
ac46.jpg,ac46
Ac4=.jpg,Ac4=
Ac73.jpg,Ac73
AC85.jpg,AC85
Ac8g.jpg,Ac8g
ac9m.jpg,ac9m
AcCS.jpg,AcCS
aCY4.jpg,aCY4
AcYb.jpg,AcYb
aCZw.jpg,aCZw
ad#A.jpg,ad#A
adC7.jpg,adC7
aDDz.jpg,aDDz
aDh@.jpg,aDh@
AdKa.jpg,AdKa
AdKZ.jpg,AdKZ
adp8.jpg,adp8
ADQM.jpg,ADQM
adwC.jpg,adwC
adyf.jpg,adyf
Adzr.jpg,Adzr
ADzs.jpg,ADzs
AEEF.jpg,AEEF
aeg9.jpg,aeg9
AEqW.jpg,AEqW
AF6S.jpg,AF6S
aFH2.jpg,aFH2
aFx6.jpg,aFx6
afYb.jpg,afYb
Afzn.jpg,Afzn
aG+G.jpg,aG+G
AG=3.jpg,AG=3
aGhX.jpg,aGhX
Ah3g.jpg,Ah3g
ah5a.jpg,ah5a
aH5b.jpg,aH5b
AH@3.jpg,AH@3
AHbQ.jpg,AHbQ
ahCR.jpg,ahCR
ahEq.jpg,ahEq
AHgk.jpg,AHgk
ahGX.jpg,ahGX
ahk6.jpg,ahk6
AhNn.jpg,AhNn
aHXY.jpg,aHXY
ahYh.jpg,ahYh
aK2E.jpg,aK2E
Ak8y.jpg,Ak8y
Akcm.jpg,Akcm
AkrS.jpg,AkrS
AKs5.jpg,AKs5
AKzf.jpg,AKzf
Am2R.jpg,Am2R
am4@.jpg,am4@
Am9b.jpg,Am9b
AMeH.jpg,AMeH
AmEY.jpg,AmEY
amKg.jpg,amKg
AMnD.jpg,AMnD
aN72.jpg,aN72
an95.jpg,an95
anA#.jpg,anA#
ANGT.jpg,ANGT
ANKt.jpg,ANKt
aNq@.jpg,aNq@
AP2X.jpg,AP2X
Apz6.jpg,Apz6
aQ2+.jpg,aQ2+
aQ4=.jpg,aQ4=
Aq5e.jpg,Aq5e
aQ79.jpg,aQ79
AqCe.jpg,AqCe
AQDD.jpg,AQDD
aQPH.jpg,aQPH
AQsG.jpg,AQsG
aQt3.jpg,aQt3
AQX2.jpg,AQX2
aqzR.jpg,aqzR
AR3F.jpg,AR3F
aR7c.jpg,aR7c
aR7Y.jpg,aR7Y
aR@5.jpg,aR@5
ARNn.jpg,ARNn
ArTp.jpg,ArTp
AS#w.jpg,AS#w
AS52.jpg,AS52
As7T.jpg,As7T
ASBd.jpg,ASBd
AsM6.jpg,AsM6
at2A.jpg,at2A
At5#.jpg,At5#
Atc#.jpg,Atc#
ATKb.jpg,ATKb
ATmb.jpg,ATmb
ATs7.jpg,ATs7
atXD.jpg,atXD
aW#R.jpg,aW#R
aw3g.jpg,aw3g
Aw3r.jpg,Aw3r
awac.jpg,awac
awak.jpg,awak
AwMp.jpg,AwMp
aWQa.jpg,aWQa
AwT7.jpg,AwT7
AWx4.jpg,AWx4
awZ3.jpg,awZ3
AX#9.jpg,AX#9
Ax2R.jpg,Ax2R
AX2x.jpg,AX2x
ax4h.jpg,ax4h
ax8#.jpg,ax8#
AX8+.jpg,AX8+
AX=8.jpg,AX=8
AX=h.jpg,AX=h
aXDN.jpg,aXDN
AXNg.jpg,AXNg
ay2r.jpg,ay2r
aYFZ.jpg,aYFZ
AYs+.jpg,AYs+
Aytt.jpg,Aytt
AZ+K.jpg,AZ+K
aZd9.jpg,aZd9
AZDH.jpg,AZDH
Azs4.jpg,Azs4
AzzM.jpg,AzzM
b#72.jpg,b#72
b#q#.jpg,b#q#
B#WA.jpg,B#WA
b#wC.jpg,b#wC
B#zE.jpg,B#zE
B+2r.jpg,B+2r
B+4E.jpg,B+4E
b+f#.jpg,b+f#
b+f3.jpg,b+f3
b+rR.jpg,b+rR
b+Z4.jpg,b+Z4
b2#b.jpg,b2#b
b2+A.jpg,b2+A
B28b.jpg,B28b
b28q.jpg,b28q
B2cz.jpg,B2cz
B2na.jpg,B2na
B2Rz.jpg,B2Rz
b3+#.jpg,b3+#
B32Q.jpg,B32Q
b36r.jpg,b36r
B38h.jpg,B38h
B3aE.jpg,B3aE
b3cs.jpg,b3cs
B3z7.jpg,B3z7
b429.jpg,b429
B45E.jpg,B45E
b46C.jpg,b46C
b48m.jpg,b48m
b4A2.jpg,b4A2
B4B#.jpg,B4B#
b4HD.jpg,b4HD
b4m9.jpg,b4m9
B4n=.jpg,B4n=
B4rW.jpg,B4rW
b572.jpg,b572
b59Q.jpg,b59Q
B5hN.jpg,B5hN
B5t8.jpg,B5t8
B65z.jpg,B65z
b6@n.jpg,b6@n
B6Mw.jpg,B6Mw
b6p5.jpg,b6p5
b6sR.jpg,b6sR
b6Wd.jpg,b6Wd
B6wG.jpg,B6wG
b6Xx.jpg,b6Xx
b6YY.jpg,b6YY
b752.jpg,b752
b7=3.jpg,b7=3
b7Db.jpg,b7Db
B7eD.jpg,B7eD
B7Sz.jpg,B7Sz
B7W=.jpg,B7W=
b7zx.jpg,b7zx
b8#4.jpg,b8#4
B84C.jpg,B84C
B8dn.jpg,B8dn
b8mD.jpg,b8mD
b8sh.jpg,b8sh
b8y@.jpg,b8y@
B9#@.jpg,B9#@
B9+t.jpg,B9+t
b932.jpg,b932
b97K.jpg,b97K
B9@@.jpg,B9@@
B9C@.jpg,B9C@
b9sf.jpg,b9sf
B9wY.jpg,B9wY
B9z9.jpg,B9z9
b=7W.jpg,b=7W
b=e@.jpg,b=e@
B=Ee.jpg,B=Ee
b=fs.jpg,b=fs
b=Yd.jpg,b=Yd
b@3@.jpg,b@3@
B@8C.jpg,B@8C
b@8r.jpg,b@8r
B@a7.jpg,B@a7
B@bn.jpg,B@bn
b@m4.jpg,b@m4
B@pY.jpg,B@pY
bA2G.jpg,bA2G
BA83.jpg,BA83
ba8f.jpg,ba8f
bAhx.jpg,bAhx
banh.jpg,banh
BAQ#.jpg,BAQ#
BAtf.jpg,BAtf
bAyc.jpg,bAyc
bBAH.jpg,bBAH
bbBA.jpg,bbBA
bBMR.jpg,bBMR
Bbr5.jpg,Bbr5
bc58.jpg,bc58
Bc6w.jpg,Bc6w
bc@r.jpg,bc@r
bcR9.jpg,bcR9
bCX9.jpg,bCX9
Bd7N.jpg,Bd7N
bdE9.jpg,bdE9
bdk9.jpg,bdk9
bDKa.jpg,bDKa
bDKc.jpg,bDKc
bDY3.jpg,bDY3
BDZa.jpg,BDZa
be42.jpg,be42
be6s.jpg,be6s
bE7R.jpg,bE7R
befz.jpg,befz
bEmK.jpg,bEmK
BeW#.jpg,BeW#
Bez7.jpg,Bez7
BF62.jpg,BF62
Bf66.jpg,Bf66
bf8Z.jpg,bf8Z
bFb8.jpg,bFb8
BFE+.jpg,BFE+
Bfk#.jpg,Bfk#
bfkE.jpg,bfkE
bFwK.jpg,bFwK
BFX+.jpg,BFX+
bgeK.jpg,bgeK
BGH8.jpg,BGH8
Bgkp.jpg,Bgkp
bgRp.jpg,bgRp
bGT4.jpg,bGT4
bgWw.jpg,bgWw
bH96.jpg,bH96
bh=c.jpg,bh=c
bhBq.jpg,bhBq
bhd8.jpg,bhd8
bhDf.jpg,bhDf
BHF8.jpg,BHF8
bhKE.jpg,bhKE
Bhnf.jpg,Bhnf
Bhq9.jpg,Bhq9
BHqW.jpg,BHqW
Bhxd.jpg,Bhxd
BhY9.jpg,BhY9
BK=C.jpg,BK=C
Bkn9.jpg,Bkn9
bkWB.jpg,bkWB
BM7p.jpg,BM7p
BM=7.jpg,BM=7
BM=H.jpg,BM=H
BMMA.jpg,BMMA
BMXG.jpg,BMXG
Bn=h.jpg,Bn=h
bNr#.jpg,bNr#
BNYa.jpg,BNYa
bp+k.jpg,bp+k
BP86.jpg,BP86
bp8x.jpg,bp8x
bPAN.jpg,bPAN
bpb9.jpg,bpb9
BPq4.jpg,BPq4
BpQK.jpg,BpQK
bpye.jpg,bpye
bq#B.jpg,bq#B
bq#R.jpg,bq#R
bq88.jpg,bq88
Bqa@.jpg,Bqa@
BQe=.jpg,BQe=
BqHC.jpg,BqHC
Bqq3.jpg,Bqq3
BqRr.jpg,BqRr
BQxq.jpg,BQxq
BR#7.jpg,BR#7
br9t.jpg,br9t
bR=C.jpg,bR=C
bRbH.jpg,bRbH
BrcQ.jpg,BrcQ
bRf8.jpg,bRf8
bRm3.jpg,bRm3
brR2.jpg,brR2
bRXz.jpg,bRXz
Bs#r.jpg,Bs#r
bsen.jpg,bsen
BsM4.jpg,BsM4
bSXk.jpg,bSXk
bSYM.jpg,bSYM
BT4q.jpg,BT4q
BT5e.jpg,BT5e
bt5r.jpg,bt5r
BT6e.jpg,BT6e
bt8T.jpg,bt8T
BT@h.jpg,BT@h
bT@m.jpg,bT@m
Btk#.jpg,Btk#
BTZq.jpg,BTZq
Bw4f.jpg,Bw4f
bW8r.jpg,bW8r
bw=8.jpg,bw=8
bWbY.jpg,bWbY
BWE+.jpg,BWE+
BWN6.jpg,BWN6
Bwqy.jpg,Bwqy
bX#R.jpg,bX#R
BX2K.jpg,BX2K
BX3R.jpg,BX3R
bX=6.jpg,bX=6
bx@x.jpg,bx@x
BxGd.jpg,BxGd
BXP9.jpg,BXP9
bxQD.jpg,bxQD
Bxw8.jpg,Bxw8
BXWM.jpg,BXWM
bXY5.jpg,bXY5
bY+9.jpg,bY+9
By3N.jpg,By3N
by4#.jpg,by4#
BY8+.jpg,BY8+
by@q.jpg,by@q
bYB8.jpg,bYB8
ByCk.jpg,ByCk
byd#.jpg,byd#
byhF.jpg,byhF
Bz2K.jpg,Bz2K
bz5c.jpg,bz5c
BzpC.jpg,BzpC
bZPw.jpg,bZPw
BZZD.jpg,BZZD
C#+f.jpg,C#+f
C#3Z.jpg,C#3Z
c#5+.jpg,c#5+
C#6x.jpg,C#6x
C#92.jpg,C#92
c#a5.jpg,c#a5
c#p=.jpg,c#p=
C#Y6.jpg,C#Y6
C#z6.jpg,C#z6
c+a5.jpg,c+a5
c+gY.jpg,c+gY
c+kw.jpg,c+kw
C+rQ.jpg,C+rQ
c+s9.jpg,c+s9
c+T#.jpg,c+T#
c+WM.jpg,c+WM
C2#m.jpg,C2#m
C27D.jpg,C27D
c27R.jpg,c27R
c29m.jpg,c29m
C2Ax.jpg,C2Ax
C2K5.jpg,C2K5
c2Q+.jpg,c2Q+
C2T@.jpg,C2T@
c2YS.jpg,c2YS
C38c.jpg,C38c
c3m3.jpg,c3m3
C436.jpg,C436
C4aA.jpg,C4aA
C4GY.jpg,C4GY
C4H8.jpg,C4H8
c56#.jpg,c56#
C5Bh.jpg,C5Bh
C5k7.jpg,C5k7
c62M.jpg,c62M
c62y.jpg,c62y
C64y.jpg,C64y
c6E@.jpg,c6E@
C6N+.jpg,C6N+
c6pA.jpg,c6pA
c6R#.jpg,c6R#
c6r+.jpg,c6r+
C6wK.jpg,C6wK
c6Z4.jpg,c6Z4
C73x.jpg,C73x
C746.jpg,C746
C77G.jpg,C77G
c7RY.jpg,c7RY
c7wg.jpg,c7wg
C7X+.jpg,C7X+
c7ZR.jpg,c7ZR
C866.jpg,C866
c86H.jpg,c86H
C8bz.jpg,C8bz
C8Dh.jpg,C8Dh
c8Kc.jpg,c8Kc
c8qC.jpg,c8qC
c8t#.jpg,c8t#
C9#X.jpg,C9#X
C9+5.jpg,C9+5
c984.jpg,c984
c988.jpg,c988
c99Z.jpg,c99Z
C9a3.jpg,C9a3
c9a7.jpg,c9a7
c9kg.jpg,c9kg
c9TQ.jpg,c9TQ
c9X#.jpg,c9X#
C=7#.jpg,C=7#
c==c.jpg,c==c
C=Bd.jpg,C=Bd
c=CB.jpg,c=CB
c=x8.jpg,c=x8
c=Y4.jpg,c=Y4
C@#R.jpg,C@#R
c@29.jpg,c@29
c@b4.jpg,c@b4
C@T+.jpg,C@T+
C@YS.jpg,C@YS
CA4c.jpg,CA4c
Ca8z.jpg,Ca8z
cA9m.jpg,cA9m
CAT5.jpg,CAT5
CaY=.jpg,CaY=
CB3A.jpg,CB3A
Cbkc.jpg,Cbkc
cBme.jpg,cBme
cBNa.jpg,cBNa
CBpk.jpg,CBpk
CBXG.jpg,CBXG
Cbzh.jpg,Cbzh
Cc++.jpg,Cc++
cc4=.jpg,cc4=
Cc5e.jpg,Cc5e
CCBw.jpg,CCBw
CCfD.jpg,CCfD
cCn+.jpg,cCn+
CcP@.jpg,CcP@
cCPy.jpg,cCPy
CD+5.jpg,CD+5
CDDp.jpg,CDDp
CddY.jpg,CddY
CdpC.jpg,CdpC
Cdr2.jpg,Cdr2
CDTw.jpg,CDTw
cdw+.jpg,cdw+
Ce+7.jpg,Ce+7
Ce+A.jpg,Ce+A
cEb5.jpg,cEb5
CEkq.jpg,CEkq
CeM9.jpg,CeM9
CeMt.jpg,CeMt
cF2=.jpg,cF2=
cfE7.jpg,cfE7
cFg4.jpg,cFg4
cFmk.jpg,cFmk
cgaD.jpg,cgaD
Cgb#.jpg,Cgb#
cgme.jpg,cgme
Cgmw.jpg,Cgmw
CgPc.jpg,CgPc
Ch#8.jpg,Ch#8
CH5W.jpg,CH5W
CH7#.jpg,CH7#
CHHq.jpg,CHHq
CHPN.jpg,CHPN
chqy.jpg,chqy
Ck44.jpg,Ck44
Cknt.jpg,Cknt
cKRf.jpg,cKRf
cKsn.jpg,cKsn
cktH.jpg,cktH
CM#4.jpg,CM#4
CM5C.jpg,CM5C
CM@R.jpg,CM@R
CMBH.jpg,CMBH
cMKX.jpg,cMKX
Cmr2.jpg,Cmr2
CmsA.jpg,CmsA
CN2w.jpg,CN2w
cN6R.jpg,cN6R
cn6s.jpg,cn6s
Cn7R.jpg,Cn7R
CNa=.jpg,CNa=
cNBw.jpg,cNBw
CNTE.jpg,CNTE
cP4S.jpg,cP4S
CP7@.jpg,CP7@
CP7A.jpg,CP7A
Cpr5.jpg,Cpr5
cpTW.jpg,cpTW
CpWB.jpg,CpWB
cq4w.jpg,cq4w
CQ9K.jpg,CQ9K
CqE9.jpg,CqE9
cr6x.jpg,cr6x
cR97.jpg,cR97
Cr9=.jpg,Cr9=
cs54.jpg,cs54
Cs93.jpg,Cs93
cSEF.jpg,cSEF
CsmB.jpg,CsmB
csps.jpg,csps
CSTp.jpg,CSTp
csZm.jpg,csZm
cTCE.jpg,cTCE
CTnF.jpg,CTnF
ctp7.jpg,ctp7
cTsN.jpg,cTsN
ctYH.jpg,ctYH
CtYP.jpg,CtYP
Cw36.jpg,Cw36
Cw3P.jpg,Cw3P
cW8=.jpg,cW8=
Cwhe.jpg,Cwhe
CWrs.jpg,CWrs
Cwwz.jpg,Cwwz
cX+f.jpg,cX+f
cX42.jpg,cX42
CX44.jpg,CX44
Cx5B.jpg,Cx5B
cX86.jpg,cX86
CxK+.jpg,CxK+
CXN+.jpg,CXN+
cXp6.jpg,cXp6
CXSQ.jpg,CXSQ
CxW5.jpg,CxW5
CxZW.jpg,CxZW
cy+6.jpg,cy+6
cy3D.jpg,cy3D
CyG9.jpg,CyG9
cyHQ.jpg,cyHQ
cYmf.jpg,cYmf
cYRB.jpg,cYRB
cYrM.jpg,cYrM
Cywa.jpg,Cywa
CYx9.jpg,CYx9
CYZp.jpg,CYZp
cyzr.jpg,cyzr
cz+8.jpg,cz+8
CZ2=.jpg,CZ2=
cz2d.jpg,cz2d
cZ3=.jpg,cZ3=
Cz6=.jpg,Cz6=
Cz==.jpg,Cz==
CzCK.jpg,CzCK
czcm.jpg,czcm
czH3.jpg,czH3
CzWh.jpg,CzWh
d##w.jpg,d##w
D#69.jpg,D#69
d#gA.jpg,d#gA
d#GK.jpg,d#GK
d+6=.jpg,d+6=
D+9A.jpg,D+9A
D+Ef.jpg,D+Ef
d+hG.jpg,d+hG
D29B.jpg,D29B
D2bb.jpg,D2bb
d2Er.jpg,d2Er
d2HZ.jpg,d2HZ
d32W.jpg,d32W
d34N.jpg,d34N
D34X.jpg,D34X
d36D.jpg,d36D
d3BY.jpg,d3BY
d3TP.jpg,d3TP
d3z2.jpg,d3z2
D4#x.jpg,D4#x
d43x.jpg,d43x
D43y.jpg,D43y
D44P.jpg,D44P
D46B.jpg,D46B
D46T.jpg,D46T
D478.jpg,D478
D47X.jpg,D47X
D4PC.jpg,D4PC
D4SB.jpg,D4SB
D4tC.jpg,D4tC
d4tq.jpg,d4tq
d538.jpg,d538
d53K.jpg,d53K
d54y.jpg,d54y
D5ak.jpg,D5ak
d5cf.jpg,d5cf
d5mM.jpg,d5mM
D5n3.jpg,D5n3
d5Qy.jpg,d5Qy
D5T9.jpg,D5T9
D669.jpg,D669
d6CZ.jpg,d6CZ
D6M2.jpg,D6M2
d6pd.jpg,d6pd
d6Y4.jpg,d6Y4
d7#d.jpg,d7#d
D75M.jpg,D75M
D7@@.jpg,D7@@
D7bt.jpg,D7bt
d7Hn.jpg,d7Hn
D7m4.jpg,D7m4
D7W5.jpg,D7W5
D7yS.jpg,D7yS
d83H.jpg,d83H
D843.jpg,D843
D8a4.jpg,D8a4
D8C4.jpg,D8C4
d8q#.jpg,d8q#
d9+=.jpg,d9+=
d9=8.jpg,d9=8
D9e9.jpg,D9e9
d9H7.jpg,d9H7
d9M8.jpg,d9M8
d9R=.jpg,d9R=
D9X4.jpg,D9X4
d9z6.jpg,d9z6
D=+E.jpg,D=+E
D=8e.jpg,D=8e
d=9K.jpg,d=9K
D=@E.jpg,D=@E
D=AT.jpg,D=AT
D=D3.jpg,D=D3
D=kp.jpg,D=kp
D@4k.jpg,D@4k
d@dq.jpg,d@dq
d@Hf.jpg,d@Hf
d@HG.jpg,d@HG
D@XX.jpg,D@XX
DA+@.jpg,DA+@
dA2z.jpg,dA2z
DA3@.jpg,DA3@
da57.jpg,da57
DA=t.jpg,DA=t
Da@Z.jpg,Da@Z
dAm9.jpg,dAm9
DaZR.jpg,DaZR
dB33.jpg,dB33
dB3n.jpg,dB3n
dB7G.jpg,dB7G
db86.jpg,db86
dB8x.jpg,dB8x
Db95.jpg,Db95
DBg3.jpg,DBg3
dBp+.jpg,dBp+
dbx4.jpg,dbx4
DC5b.jpg,DC5b
DCG9.jpg,DCG9
dCmQ.jpg,dCmQ
DCtf.jpg,DCtf
Dd#6.jpg,Dd#6
DD2b.jpg,DD2b
Dd4c.jpg,Dd4c
Dd7W.jpg,Dd7W
dd=4.jpg,dd=4
dDc#.jpg,dDc#
dDE6.jpg,dDE6
dDe@.jpg,dDe@
Ddfp.jpg,Ddfp
dDk5.jpg,dDk5
dDN=.jpg,dDN=
dDNS.jpg,dDNS
DDya.jpg,DDya
DDzH.jpg,DDzH
de6#.jpg,de6#
DEc@.jpg,DEc@
deh=.jpg,deh=
DEHA.jpg,DEHA
DemW.jpg,DemW
demY.jpg,demY
detF.jpg,detF
DeZd.jpg,DeZd
Df8K.jpg,Df8K
Df@y.jpg,Df@y
Dfeb.jpg,Dfeb
dFew.jpg,dFew
DFgb.jpg,DFgb
DfP@.jpg,DfP@
DfqT.jpg,DfqT
dFwt.jpg,dFwt
Dg+m.jpg,Dg+m
dg48.jpg,dg48
dg4s.jpg,dg4s
Dg9H.jpg,Dg9H
DGbz.jpg,DGbz
DGF3.jpg,DGF3
dGMw.jpg,dGMw
dGtA.jpg,dGtA
DH69.jpg,DH69
dhb5.jpg,dhb5
dhFW.jpg,dhFW
dhm3.jpg,dhm3
dHRa.jpg,dHRa
DHS8.jpg,DHS8
DHsF.jpg,DHsF
DhwQ.jpg,DhwQ
dhxW.jpg,dhxW
DhZK.jpg,DhZK
dk4w.jpg,dk4w
dk7m.jpg,dk7m
Dkf+.jpg,Dkf+
Dksa.jpg,Dksa
dKW+.jpg,dKW+
DKx4.jpg,DKx4
dKzf.jpg,dKzf
DM#S.jpg,DM#S
Dm4W.jpg,Dm4W
DM82.jpg,DM82
DM@s.jpg,DM@s
DMEd.jpg,DMEd
dMeS.jpg,dMeS
dmFq.jpg,dmFq
DMGP.jpg,DMGP
DMSX.jpg,DMSX
dMtt.jpg,dMtt
DN6x.jpg,DN6x
DN=#.jpg,DN=#
Dn=b.jpg,Dn=b
DN@S.jpg,DN@S
DNh5.jpg,DNh5
DNnE.jpg,DNnE
dNQ@.jpg,dNQ@
dnSB.jpg,dnSB
dP4A.jpg,dP4A
dp5g.jpg,dp5g
DpCB.jpg,DpCB
dPEW.jpg,dPEW
Dq+K.jpg,Dq+K
DqFw.jpg,DqFw
DQg9.jpg,DQg9
Dr22.jpg,Dr22
dR=P.jpg,dR=P
drR7.jpg,drR7
dRSB.jpg,dRSB
Ds4N.jpg,Ds4N
DS72.jpg,DS72
ds7y.jpg,ds7y
DSeg.jpg,DSeg
dsqy.jpg,dsqy
dSsk.jpg,dSsk
DT3@.jpg,DT3@
dT5+.jpg,dT5+
dT9x.jpg,dT9x
dTB4.jpg,dTB4
dTk2.jpg,dTk2
dTKF.jpg,dTKF
DtMr.jpg,DtMr
Dtmw.jpg,Dtmw
dtn2.jpg,dtn2
DtpT.jpg,DtpT
dw28.jpg,dw28
dw3c.jpg,dw3c
dW8T.jpg,dW8T
dwBW.jpg,dwBW
dWF7.jpg,dWF7
dWQq.jpg,dWQq
dwre.jpg,dwre
Dx7M.jpg,Dx7M
dXFp.jpg,dXFp
dxpE.jpg,dxpE
DXXd.jpg,DXXd
dxXz.jpg,dxXz
Dy+M.jpg,Dy+M
DY3Z.jpg,DY3Z
DY9Z.jpg,DY9Z
dy@3.jpg,dy@3
Dyg8.jpg,Dyg8
Dyh4.jpg,Dyh4
dykn.jpg,dykn
DyMK.jpg,DyMK
DYQ2.jpg,DYQ2
DyqZ.jpg,DyqZ
DYXz.jpg,DYXz
DYz=.jpg,DYz=
Dz3C.jpg,Dz3C
DZ6m.jpg,DZ6m
dZ9h.jpg,dZ9h
dzhf.jpg,dzhf
dZKP.jpg,dZKP
DzkT.jpg,DzkT
dZme.jpg,dZme
dZrC.jpg,dZrC
e#2D.jpg,e#2D
E#@x.jpg,E#@x
E#cz.jpg,E#cz
e+#k.jpg,e+#k
e+=7.jpg,e+=7
E+=Z.jpg,E+=Z
e+kK.jpg,e+kK
e+Sh.jpg,e+Sh
E2#@.jpg,E2#@
e2#T.jpg,e2#T
e2+n.jpg,e2+n
e24B.jpg,e24B
E26E.jpg,E26E
e28n.jpg,e28n
e28t.jpg,e28t
e2na.jpg,e2na
e33f.jpg,e33f
e35X.jpg,e35X
e3cg.jpg,e3cg
E3E2.jpg,E3E2
e3Ek.jpg,e3Ek
e3g3.jpg,e3g3
E3H+.jpg,E3H+
E3PX.jpg,E3PX
E3ww.jpg,E3ww
e4+7.jpg,e4+7
e43+.jpg,e43+
e44b.jpg,e44b
E47f.jpg,E47f
e4h7.jpg,e4h7
e4Np.jpg,e4Np
e4QN.jpg,e4QN
E4S+.jpg,E4S+
e4T+.jpg,e4T+
E4YW.jpg,E4YW
E4zH.jpg,E4zH
E524.jpg,E524
e56N.jpg,e56N
E5qX.jpg,E5qX
E5x9.jpg,E5x9
e5zB.jpg,e5zB
E64t.jpg,E64t
E65s.jpg,E65s
e67D.jpg,e67D
E6AE.jpg,E6AE
e6cP.jpg,e6cP
E6kW.jpg,E6kW
e6r#.jpg,e6r#
e6wW.jpg,e6wW
e7#x.jpg,e7#x
E72e.jpg,E72e
e72m.jpg,e72m
e79a.jpg,e79a
E7BQ.jpg,E7BQ
E7dk.jpg,E7dk
E7G6.jpg,E7G6
E7Pr.jpg,E7Pr
e8+g.jpg,e8+g
e8+P.jpg,e8+P
e827.jpg,e827
e82h.jpg,e82h
E864.jpg,E864
e8mp.jpg,e8mp
E8nw.jpg,E8nw
e8T@.jpg,e8T@
e8tT.jpg,e8tT
e8Zm.jpg,e8Zm
e923.jpg,e923
E9Bf.jpg,E9Bf
e9c5.jpg,e9c5
e9SK.jpg,e9SK
E9wa.jpg,E9wa
e9wc.jpg,e9wc
E9Xn.jpg,E9Xn
E9Z#.jpg,E9Z#
E=+r.jpg,E=+r
E=+T.jpg,E=+T
E=2F.jpg,E=2F
E=7z.jpg,E=7z
E=@@.jpg,E=@@
E=@n.jpg,E=@n
E=D5.jpg,E=D5
E=mm.jpg,E=mm
e=Wk.jpg,e=Wk
e@+c.jpg,e@+c
E@4a.jpg,E@4a
E@5#.jpg,E@5#
e@89.jpg,e@89
e@8x.jpg,e@8x
e@b4.jpg,e@b4
e@g#.jpg,e@g#
e@tD.jpg,e@tD
Ea2e.jpg,Ea2e
eA2N.jpg,eA2N
ea62.jpg,ea62
eADZ.jpg,eADZ
EANm.jpg,EANm
Eb2+.jpg,Eb2+
eb4#.jpg,eb4#
ebK=.jpg,ebK=
ebKY.jpg,ebKY
EBNd.jpg,EBNd
EBp6.jpg,EBp6
Ebwh.jpg,Ebwh
EBz#.jpg,EBz#
EC5N.jpg,EC5N
eCcB.jpg,eCcB
eCF7.jpg,eCF7
eCKB.jpg,eCKB
eCQd.jpg,eCQd
eCtM.jpg,eCtM
eCxt.jpg,eCxt
eCZW.jpg,eCZW
Ed#K.jpg,Ed#K
eD4Z.jpg,eD4Z
ed66.jpg,ed66
eD@5.jpg,eD@5
EDAS.jpg,EDAS
EDp3.jpg,EDp3
edxS.jpg,edxS
ee3H.jpg,ee3H
Ee56.jpg,Ee56
EE7N.jpg,EE7N
EE7q.jpg,EE7q
EE8Q.jpg,EE8Q
EE=B.jpg,EE=B
EeeW.jpg,EeeW
EEfe.jpg,EEfe
eefQ.jpg,eefQ
EEMQ.jpg,EEMQ
eEn9.jpg,eEn9
eetK.jpg,eetK
eETm.jpg,eETm
eExx.jpg,eExx
Ef5f.jpg,Ef5f
ef7t.jpg,ef7t
Ef8z.jpg,Ef8z
Ef=M.jpg,Ef=M
eFr4.jpg,eFr4
EFY6.jpg,EFY6
Eg4f.jpg,Eg4f
eG6y.jpg,eG6y
Eg@9.jpg,Eg@9
Egab.jpg,Egab
Egp2.jpg,Egp2
EH77.jpg,EH77
EHBC.jpg,EHBC
EHgc.jpg,EHgc
ek5w.jpg,ek5w
eK65.jpg,eK65
EK=f.jpg,EK=f
eKDd.jpg,eKDd
eke4.jpg,eke4
EKEa.jpg,EKEa
EKkH.jpg,EKkH
EKKZ.jpg,EKKZ
eKNM.jpg,eKNM
ekPx.jpg,ekPx
EKT+.jpg,EKT+
Ekw5.jpg,Ekw5
Em2K.jpg,Em2K
EMAq.jpg,EMAq
eMha.jpg,eMha
EmkX.jpg,EmkX
emqF.jpg,emqF
emR6.jpg,emR6
EMrN.jpg,EMrN
eN+#.jpg,eN+#
En3#.jpg,En3#
en4#.jpg,en4#
EN7K.jpg,EN7K
en7p.jpg,en7p
Enb3.jpg,Enb3
EnCn.jpg,EnCn
eNGq.jpg,eNGq
enH@.jpg,enH@
enhw.jpg,enhw
ENq9.jpg,ENq9
eNwK.jpg,eNwK
eP+5.jpg,eP+5
ep2+.jpg,ep2+
EP32.jpg,EP32
epFm.jpg,epFm
EQ2W.jpg,EQ2W
eq79.jpg,eq79
eQr2.jpg,eQr2
Erae.jpg,Erae
eRCF.jpg,eRCF
erG2.jpg,erG2
ErG3.jpg,ErG3
eRHM.jpg,eRHM
eRM2.jpg,eRM2
eRp4.jpg,eRp4
eRxn.jpg,eRxn
eS85.jpg,eS85
eSDX.jpg,eSDX
ESEw.jpg,ESEw
EShA.jpg,EShA
eT5R.jpg,eT5R
et8g.jpg,et8g
etb2.jpg,etb2
eTF=.jpg,eTF=
etH4.jpg,etH4
etQb.jpg,etQb
ETRb.jpg,ETRb
ew=@.jpg,ew=@
Ewbn.jpg,Ewbn
eWZ9.jpg,eWZ9
ex++.jpg,ex++
Ex28.jpg,Ex28
EX=p.jpg,EX=p
EX@=.jpg,EX@=
exF@.jpg,exF@
EXK6.jpg,EXK6
ExN#.jpg,ExN#
eY#Z.jpg,eY#Z
ey44.jpg,ey44
EY4f.jpg,EY4f
eyNn.jpg,eyNn
ez26.jpg,ez26
eZ8n.jpg,eZ8n
Ezgk.jpg,Ezgk
ezhG.jpg,ezhG
EZHk.jpg,EZHk
EZMF.jpg,EZMF
EZSR.jpg,EZSR
eZWw.jpg,eZWw
EzX#.jpg,EzX#
EZXS.jpg,EZXS
ezYh.jpg,ezYh
f#@n.jpg,f#@n
f#H4.jpg,f#H4
F#KA.jpg,F#KA
f#nE.jpg,f#nE
F#r@.jpg,F#r@
F#SB.jpg,F#SB
F+2G.jpg,F+2G
F+aH.jpg,F+aH
F+t4.jpg,F+t4
f2b=.jpg,f2b=
F2F2.jpg,F2F2
f2Gs.jpg,f2Gs
f2mH.jpg,f2mH
F2pR.jpg,F2pR
f2SZ.jpg,f2SZ
F36=.jpg,F36=
f3F5.jpg,f3F5
f3KT.jpg,f3KT
f3mh.jpg,f3mh
F3qg.jpg,F3qg
F3yN.jpg,F3yN
F4#4.jpg,F4#4
F4=Q.jpg,F4=Q
f4AT.jpg,f4AT
F4Xc.jpg,F4Xc
f542.jpg,f542
F5@7.jpg,F5@7
F5FY.jpg,F5FY
f5g5.jpg,f5g5
F5M9.jpg,F5M9
f5sP.jpg,f5sP
f5tn.jpg,f5tn
F66e.jpg,F66e
F6d9.jpg,F6d9
f6Ha.jpg,f6Ha
F6m8.jpg,F6m8
F6N#.jpg,F6N#
F6Pg.jpg,F6Pg
F6t6.jpg,F6t6
F6W=.jpg,F6W=
f6Y6.jpg,f6Y6
f7+#.jpg,f7+#
f7=g.jpg,f7=g
f7aT.jpg,f7aT
F7b4.jpg,F7b4
F7Dt.jpg,F7Dt
f7Kk.jpg,f7Kk
F7Zr.jpg,F7Zr
f8+n.jpg,f8+n
F84n.jpg,F84n
F85#.jpg,F85#
F88S.jpg,F88S
F8ah.jpg,F8ah
F8d#.jpg,F8d#
F8H@.jpg,F8H@
f8MS.jpg,f8MS
F8RN.jpg,F8RN
F8Ye.jpg,F8Ye
f8yw.jpg,f8yw
f8ZE.jpg,f8ZE
F95H.jpg,F95H
F97+.jpg,F97+
f97e.jpg,f97e
F99B.jpg,F99B
F99p.jpg,F99p
F9@p.jpg,F9@p
F9b8.jpg,F9b8
F9dh.jpg,F9dh
F9fh.jpg,F9fh
f9wa.jpg,f9wa
F=#B.jpg,F=#B
f=#N.jpg,f=#N
F=3H.jpg,F=3H
F=9G.jpg,F=9G
F=@4.jpg,F=@4
f=CH.jpg,f=CH
F=dz.jpg,F=dz
F@3F.jpg,F@3F
f@eh.jpg,f@eh
f@Gm.jpg,f@Gm
FA9=.jpg,FA9=
FAC+.jpg,FAC+
fAh+.jpg,fAh+
FaHr.jpg,FaHr
faKH.jpg,faKH
fApB.jpg,fApB
faWx.jpg,faWx
FaY4.jpg,FaY4
fb2m.jpg,fb2m
fb3Y.jpg,fb3Y
fB7H.jpg,fB7H
FB9#.jpg,FB9#
fBbA.jpg,fBbA
fBhG.jpg,fBhG
FBHt.jpg,FBHt
fbMZ.jpg,fbMZ
FbTz.jpg,FbTz
fC#+.jpg,fC#+
fc#n.jpg,fc#n
fcc7.jpg,fcc7
fCeN.jpg,fCeN
FCWX.jpg,FCWX
fCYH.jpg,fCYH
fD5p.jpg,fD5p
fD8Y.jpg,fD8Y
Fd@8.jpg,Fd@8
fdEY.jpg,fdEY
FDK9.jpg,FDK9
fdRf.jpg,fdRf
fE39.jpg,fE39
fEbE.jpg,fEbE
Fec5.jpg,Fec5
feEa.jpg,feEa
FEqQ.jpg,FEqQ
fEXP.jpg,fEXP
fF#3.jpg,fF#3
fF2G.jpg,fF2G
fF@D.jpg,fF@D
FFAw.jpg,FFAw
ffDH.jpg,ffDH
FfT8.jpg,FfT8
fg#r.jpg,fg#r
fG6A.jpg,fG6A
Fg9e.jpg,Fg9e
fG9T.jpg,fG9T
fGaR.jpg,fGaR
fGfC.jpg,fGfC
FGQ4.jpg,FGQ4
fGRy.jpg,fGRy
Fgxd.jpg,Fgxd
FH#M.jpg,FH#M
Fh7C.jpg,Fh7C
fH96.jpg,fH96
fhab.jpg,fhab
FhS+.jpg,FhS+
FHsn.jpg,FHsn
fHSs.jpg,fHSs
FK4#.jpg,FK4#
FKE9.jpg,FKE9
FkG2.jpg,FkG2
FKtH.jpg,FKtH
fkx4.jpg,fkx4
FM+5.jpg,FM+5
Fm2M.jpg,Fm2M
fmf9.jpg,fmf9
FmHd.jpg,FmHd
fmwZ.jpg,fmwZ
fmXC.jpg,fmXC
Fn##.jpg,Fn##
fn#A.jpg,fn#A
Fn4A.jpg,Fn4A
fNba.jpg,fNba
fnrY.jpg,fnrY
FNWd.jpg,FNWd
FP3Q.jpg,FP3Q
FPb5.jpg,FPb5
fPS5.jpg,fPS5
Fq+p.jpg,Fq+p
FQ24.jpg,FQ24
fQ8#.jpg,fQ8#
fqm6.jpg,fqm6
FqNe.jpg,FqNe
FR62.jpg,FR62
FR@C.jpg,FR@C
frB3.jpg,frB3
FRCW.jpg,FRCW
fReN.jpg,fReN
frh5.jpg,frh5
FRnR.jpg,FRnR
fs+@.jpg,fs+@
fS5n.jpg,fS5n
Fs7X.jpg,Fs7X
FS8c.jpg,FS8c
FsCg.jpg,FsCg
fSDA.jpg,fSDA
fsmF.jpg,fsmF
fT4E.jpg,fT4E
Ft@5.jpg,Ft@5
FTC8.jpg,FTC8
fTDf.jpg,fTDf
fTp5.jpg,fTp5
FTPF.jpg,FTPF
FW+H.jpg,FW+H
fwNC.jpg,fwNC
FWqK.jpg,FWqK
FWsQ.jpg,FWsQ
Fwx8.jpg,Fwx8
fxAB.jpg,fxAB
fxBQ.jpg,fxBQ
fXE5.jpg,fXE5
Fy==.jpg,Fy==
fYC3.jpg,fYC3
FyFx.jpg,FyFx
fyGC.jpg,fyGC
fynh.jpg,fynh
fYqH.jpg,fYqH
FYY=.jpg,FYY=
fZ5E.jpg,fZ5E
fz9w.jpg,fz9w
FZ=8.jpg,FZ=8
fz@q.jpg,fz@q
fzcn.jpg,fzcn
fZEg.jpg,fZEg
FZMW.jpg,FZMW
G#=6.jpg,G#=6
g#@k.jpg,g#@k
G#h5.jpg,G#h5
G#KP.jpg,G#KP
g#rg.jpg,g#rg
G#rP.jpg,G#rP
G+6x.jpg,G+6x
g+96.jpg,g+96
G+Fw.jpg,G+Fw
g+kw.jpg,g+kw
G+ze.jpg,G+ze
g232.jpg,g232
g26S.jpg,g26S
g2CP.jpg,g2CP
g2KG.jpg,g2KG
g2M2.jpg,g2M2
G2QS.jpg,G2QS
G2wk.jpg,G2wk
G2Yd.jpg,G2Yd
G2zD.jpg,G2zD
g3#+.jpg,g3#+
g3+p.jpg,g3+p
G33N.jpg,G33N
g342.jpg,g342
G346.jpg,G346
g38x.jpg,g38x
g3EW.jpg,g3EW
G3H9.jpg,G3H9
G3m3.jpg,G3m3
g3q7.jpg,g3q7
G3TM.jpg,G3TM
g4@c.jpg,g4@c
g4dh.jpg,g4dh
g4p5.jpg,g4p5
G4qB.jpg,G4qB
G5#t.jpg,G5#t
G52C.jpg,G52C
g565.jpg,g565
G56f.jpg,G56f
g58@.jpg,g58@
g5aB.jpg,g5aB
G5ah.jpg,G5ah
G5Cd.jpg,G5Cd
G5m4.jpg,G5m4
G5M7.jpg,G5M7
G5r6.jpg,G5r6
g5R8.jpg,g5R8
g5wt.jpg,g5wt
g649.jpg,g649
g6b9.jpg,g6b9
g6DS.jpg,g6DS
G6ET.jpg,G6ET
G6hR.jpg,G6hR
G6Me.jpg,G6Me
G6RH.jpg,G6RH
G6X4.jpg,G6X4
g72C.jpg,g72C
g72w.jpg,g72w
G75F.jpg,G75F
g7NF.jpg,g7NF
g7P6.jpg,g7P6
G7TH.jpg,G7TH
G832.jpg,G832
g8KZ.jpg,g8KZ
g8ME.jpg,g8ME
g8rE.jpg,g8rE
G8T#.jpg,G8T#
G8WS.jpg,G8WS
G92x.jpg,G92x
G98k.jpg,G98k
G9@9.jpg,G9@9
g9@a.jpg,g9@a
g9e2.jpg,g9e2
g9EA.jpg,g9EA
G9Gg.jpg,G9Gg
G9k7.jpg,G9k7
G9MA.jpg,G9MA
g9Qg.jpg,g9Qg
g=53.jpg,g=53
g=8a.jpg,g=8a
G=@c.jpg,G=@c
g=B4.jpg,g=B4
g=eE.jpg,g=eE
G=eZ.jpg,G=eZ
G=N8.jpg,G=N8
G=z#.jpg,G=z#
G@+B.jpg,G@+B
g@8y.jpg,g@8y
G@fs.jpg,G@fs
g@k@.jpg,g@k@
G@r4.jpg,G@r4
G@S4.jpg,G@S4
gA4W.jpg,gA4W
GAA+.jpg,GAA+
gab6.jpg,gab6
gAex.jpg,gAex
Gak6.jpg,Gak6
GApg.jpg,GApg
Gb5r.jpg,Gb5r
gb7b.jpg,gb7b
gB82.jpg,gB82
GB9+.jpg,GB9+
gb@c.jpg,gb@c
gBd7.jpg,gBd7
gBf#.jpg,gBf#
GbH8.jpg,GbH8
gbMm.jpg,gbMm
GBnC.jpg,GBnC
gBQe.jpg,gBQe
gBqm.jpg,gBqm
gbs7.jpg,gbs7
gcMN.jpg,gcMN
GCtc.jpg,GCtc
Gd9s.jpg,Gd9s
gD@+.jpg,gD@+
gDqe.jpg,gDqe
GDra.jpg,GDra
gdsc.jpg,gdsc
GdY#.jpg,GdY#
ge+s.jpg,ge+s
Ge47.jpg,Ge47
gE6e.jpg,gE6e
gE73.jpg,gE73
Gec8.jpg,Gec8
GEEr.jpg,GEEr
GEGC.jpg,GEGC
geQC.jpg,geQC
Gerf.jpg,Gerf
GF2+.jpg,GF2+
gf3f.jpg,gf3f
gF7x.jpg,gF7x
gf8k.jpg,gf8k
gF=a.jpg,gF=a
GFaB.jpg,GFaB
gfhb.jpg,gfhb
gfn8.jpg,gfn8
gG#G.jpg,gG#G
GG+Y.jpg,GG+Y
gg25.jpg,gg25
Gg2x.jpg,Gg2x
gG3@.jpg,gG3@
gGGP.jpg,gGGP
ggw+.jpg,ggw+
GGX7.jpg,GGX7
gGx8.jpg,gGx8
GH+F.jpg,GH+F
Gh3m.jpg,Gh3m
GH6c.jpg,GH6c
gH8C.jpg,gH8C
ghNh.jpg,ghNh
gHnr.jpg,gHnr
ghqq.jpg,ghqq
GHZ4.jpg,GHZ4
gK#2.jpg,gK#2
GK=e.jpg,GK=e
GK@f.jpg,GK@f
GKGt.jpg,GKGt
gkH4.jpg,gkH4
GKp2.jpg,GKp2
gkty.jpg,gkty
gM+2.jpg,gM+2
Gm4d.jpg,Gm4d
gm6x.jpg,gm6x
gMdR.jpg,gMdR
GMH3.jpg,GMH3
GmHB.jpg,GmHB
GmhT.jpg,GmhT
gMmk.jpg,gMmk
gMnN.jpg,gMnN
GMqf.jpg,GMqf
gmw=.jpg,gmw=
GN2D.jpg,GN2D
GN59.jpg,GN59
gnPE.jpg,gnPE
GP=6.jpg,GP=6
gPKn.jpg,gPKn
GPYK.jpg,GPYK
gQ#9.jpg,gQ#9
GqD#.jpg,GqD#
gQd5.jpg,gQd5
GQsx.jpg,GQsx
gQte.jpg,gQte
Gr+P.jpg,Gr+P
gR2E.jpg,gR2E
gR2P.jpg,gR2P
gRBR.jpg,gRBR
GrCA.jpg,GrCA
grnT.jpg,grnT
grnX.jpg,grnX
GRtT.jpg,GRtT
gRX8.jpg,gRX8
gs63.jpg,gs63
Gsag.jpg,Gsag
gsew.jpg,gsew
gsKz.jpg,gsKz
GSne.jpg,GSne
GsTp.jpg,GsTp
gT2P.jpg,gT2P
gt4#.jpg,gt4#
gtN7.jpg,gtN7
GW5@.jpg,GW5@
GW5t.jpg,GW5t
gw6#.jpg,gw6#
gx3q.jpg,gx3q
Gx4n.jpg,Gx4n
GX68.jpg,GX68
gx6n.jpg,gx6n
gxBg.jpg,gxBg
Gxct.jpg,Gxct
GxGT.jpg,GxGT
GXn3.jpg,GXn3
GXpe.jpg,GXpe
gXrH.jpg,gXrH
gxT3.jpg,gxT3
gY8c.jpg,gY8c
Gy9@.jpg,Gy9@
gYhK.jpg,gYhK
gYPA.jpg,gYPA
GYRX.jpg,GYRX
gz#9.jpg,gz#9
GZ#d.jpg,GZ#d
GZ4t.jpg,GZ4t
GZ5z.jpg,GZ5z
GZ84.jpg,GZ84
Gz9#.jpg,Gz9#
gZGB.jpg,gZGB
gZqA.jpg,gZqA
h#6e.jpg,h#6e
h#96.jpg,h#96
H#F4.jpg,H#F4
H#Kw.jpg,H#Kw
h#W+.jpg,h#W+
H#W8.jpg,H#W8
H#X6.jpg,H#X6
H+6+.jpg,H+6+
h+8y.jpg,h+8y
h+@B.jpg,h+@B
H+h5.jpg,H+h5
h+m7.jpg,h+m7
h2+#.jpg,h2+#
H2Ab.jpg,H2Ab
h2cS.jpg,h2cS
h2H7.jpg,h2H7
h2K3.jpg,h2K3
H3@q.jpg,H3@q
H3CX.jpg,H3CX
H3Qf.jpg,H3Qf
H42F.jpg,H42F
h48x.jpg,h48x
h4m2.jpg,h4m2
h4M=.jpg,h4M=
h4z5.jpg,h4z5
h52P.jpg,h52P
H59H.jpg,H59H
H5Dd.jpg,H5Dd
h5hZ.jpg,h5hZ
h63p.jpg,h63p
H65P.jpg,H65P
H6bF.jpg,H6bF
H6C7.jpg,H6C7
H6EM.jpg,H6EM
H6EZ.jpg,H6EZ
H6sa.jpg,H6sa
h6Sr.jpg,h6Sr
h7#+.jpg,h7#+
h735.jpg,h735
h7e8.jpg,h7e8
H7mm.jpg,H7mm
H7T2.jpg,H7T2
H7X+.jpg,H7X+
H829.jpg,H829
h82b.jpg,h82b
h84c.jpg,h84c
h84x.jpg,h84x
h8bm.jpg,h8bm
H8E4.jpg,H8E4
h8fy.jpg,h8fy
h8sp.jpg,h8sp
H8ty.jpg,H8ty
h967.jpg,h967
H9fD.jpg,H9fD
H9R+.jpg,H9R+
H9TE.jpg,H9TE
h9yw.jpg,h9yw
H=24.jpg,H=24
h=5Y.jpg,h=5Y
H=6s.jpg,H=6s
H=8K.jpg,H=8K
h=am.jpg,h=am
H=gX.jpg,H=gX
h=MZ.jpg,h=MZ
H=P3.jpg,H=P3
h=tb.jpg,h=tb
H@2p.jpg,H@2p
H@5F.jpg,H@5F
h@AS.jpg,h@AS
H@cQ.jpg,H@cQ
h@S#.jpg,h@S#
h@SD.jpg,h@SD
H@SG.jpg,H@SG
ha+k.jpg,ha+k
HAaR.jpg,HAaR
hAEm.jpg,hAEm
HAEx.jpg,HAEx
HAK7.jpg,HAK7
haM+.jpg,haM+
hAme.jpg,hAme
hAQ3.jpg,hAQ3
HaxC.jpg,HaxC
hAZw.jpg,hAZw
hb+C.jpg,hb+C
hb2T.jpg,hb2T
hB9Z.jpg,hB9Z
hb@6.jpg,hb@6
HBCB.jpg,HBCB
hbcq.jpg,hbcq
hBf3.jpg,hBf3
hbhq.jpg,hbhq
hBSM.jpg,hBSM
HC5W.jpg,HC5W
HC8S.jpg,HC8S
HCeE.jpg,HCeE
HCsX.jpg,HCsX
hCTN.jpg,hCTN
hD#K.jpg,hD#K
Hd3x.jpg,Hd3x
hd8s.jpg,hd8s
He27.jpg,He27
He7s.jpg,He7s
hE=e.jpg,hE=e
hEbB.jpg,hEbB
HeZb.jpg,HeZb
Hf54.jpg,Hf54
hF=F.jpg,hF=F
hff9.jpg,hff9
HFQ=.jpg,HFQ=
hfwn.jpg,hfwn
hg4n.jpg,hg4n
hG9N.jpg,hG9N
HG=5.jpg,HG=5
hGef.jpg,hGef
hGKm.jpg,hGKm
HGqf.jpg,HGqf
hGTC.jpg,hGTC
hGzM.jpg,hGzM
hH=M.jpg,hH=M
hHa6.jpg,hHa6
hhcd.jpg,hhcd
HHEt.jpg,HHEt
HHXW.jpg,HHXW
HK+C.jpg,HK+C
hk6d.jpg,hk6d
HK85.jpg,HK85
hKCZ.jpg,hKCZ
HKr3.jpg,HKr3
HKsp.jpg,HKsp
HM++.jpg,HM++
HM5#.jpg,HM5#
hm5C.jpg,hm5C
hMeb.jpg,hMeb
HMY5.jpg,HMY5
HmZR.jpg,HmZR
HN2A.jpg,HN2A
hn2x.jpg,hn2x
HN5g.jpg,HN5g
hn7#.jpg,hn7#
HnRK.jpg,HnRK
hnw5.jpg,hnw5
HP2G.jpg,HP2G
Hp46.jpg,Hp46
hp8+.jpg,hp8+
hp9Q.jpg,hp9Q
hPk4.jpg,hPk4
hPqQ.jpg,hPqQ
hpwq.jpg,hpwq
hQ#5.jpg,hQ#5
Hq#X.jpg,Hq#X
Hq4r.jpg,Hq4r
hQ5k.jpg,hQ5k
hQn+.jpg,hQn+
HQpb.jpg,HQpb
HqzY.jpg,HqzY
hr2m.jpg,hr2m
hrBB.jpg,hrBB
hrfh.jpg,hrfh
hRFp.jpg,hRFp
hRYk.jpg,hRYk
hRZf.jpg,hRZf
HS37.jpg,HS37
HS9#.jpg,HS9#
HsDf.jpg,HsDf
HsEM.jpg,HsEM
hShG.jpg,hShG
hsm5.jpg,hsm5
hT#e.jpg,hT#e
hT#k.jpg,hT#k
HT2d.jpg,HT2d
hT5b.jpg,hT5b
HT88.jpg,HT88
HTBN.jpg,HTBN
Htf@.jpg,Htf@
hTKS.jpg,hTKS
hTM3.jpg,hTM3
hTWx.jpg,hTWx
HtxG.jpg,HtxG
hTY6.jpg,hTY6
hTZy.jpg,hTZy
HWAk.jpg,HWAk
HWbM.jpg,HWbM
HwE2.jpg,HwE2
HWeC.jpg,HWeC
HwGZ.jpg,HwGZ
hWkk.jpg,hWkk
HWyQ.jpg,HWyQ
hx3f.jpg,hx3f
Hx3P.jpg,Hx3P
HX4X.jpg,HX4X
Hx9x.jpg,Hx9x
hXAR.jpg,hXAR
HXbg.jpg,HXbg
HXKr.jpg,HXKr
HxnT.jpg,HxnT
HXXH.jpg,HXXH
hy39.jpg,hy39
hYBD.jpg,hYBD
hYXY.jpg,hYXY
HZf5.jpg,HZf5
HZF9.jpg,HZF9
hzST.jpg,hzST
hzTb.jpg,hzTb
K###.jpg,K###
K#b5.jpg,K#b5
k#sh.jpg,k#sh
k#t6.jpg,k#t6
K+57.jpg,K+57
K+eQ.jpg,K+eQ
k+h2.jpg,k+h2
k+HR.jpg,k+HR
k+pw.jpg,k+pw
K+S=.jpg,K+S=
K2AT.jpg,K2AT
K2Cs.jpg,K2Cs
K2dz.jpg,K2dz
K2es.jpg,K2es
K2fQ.jpg,K2fQ
k2qa.jpg,k2qa
k2S2.jpg,k2S2
k2TN.jpg,k2TN
k3+d.jpg,k3+d
K377.jpg,K377
K3e7.jpg,K3e7
K3eE.jpg,K3eE
K3ME.jpg,K3ME
K3N4.jpg,K3N4
k3QA.jpg,k3QA
K4#k.jpg,K4#k
k42a.jpg,k42a
K46@.jpg,K46@
K498.jpg,K498
K49E.jpg,K49E
K4br.jpg,K4br
K4MR.jpg,K4MR
k4Qn.jpg,k4Qn
k4xe.jpg,k4xe
K52D.jpg,K52D
K52T.jpg,K52T
K58g.jpg,K58g
k592.jpg,k592
K5Nr.jpg,K5Nr
k5x9.jpg,k5x9
K6#m.jpg,K6#m
k62M.jpg,k62M
K67F.jpg,K67F
k67y.jpg,k67y
K6E2.jpg,K6E2
k6p2.jpg,k6p2
k6p3.jpg,k6p3
k6S+.jpg,k6S+
k6S6.jpg,k6S6
K6ST.jpg,K6ST
K6yr.jpg,K6yr
k724.jpg,k724
k72H.jpg,k72H
k757.jpg,k757
k7Py.jpg,k7Py
K82t.jpg,K82t
k8@G.jpg,k8@G
k8D=.jpg,k8D=
k8M4.jpg,k8M4
k8RG.jpg,k8RG
k8yr.jpg,k8yr
k975.jpg,k975
k9=x.jpg,k9=x
K9eD.jpg,K9eD
k9kn.jpg,k9kn
K9zD.jpg,K9zD
k9Zx.jpg,k9Zx
K=3T.jpg,K=3T
k=53.jpg,k=53
k=Bd.jpg,k=Bd
k=eq.jpg,k=eq
K=Gp.jpg,K=Gp
k=hG.jpg,k=hG
k@+6.jpg,k@+6
k@@S.jpg,k@@S
k@B9.jpg,k@B9
k@c9.jpg,k@c9
k@NE.jpg,k@NE
k@rg.jpg,k@rg
k@S#.jpg,k@S#
K@Tt.jpg,K@Tt
K@w8.jpg,K@w8
ka6G.jpg,ka6G
ka=R.jpg,ka=R
kAA2.jpg,kAA2
kb+F.jpg,kb+F
kb5C.jpg,kb5C
kB9B.jpg,kB9B
KB=M.jpg,KB=M
KBe5.jpg,KBe5
KbK8.jpg,KbK8
KbN=.jpg,KbN=
KBNP.jpg,KBNP
KbQw.jpg,KbQw
kbra.jpg,kbra
kBzT.jpg,kBzT
kc93.jpg,kc93
kC=B.jpg,kC=B
KCbc.jpg,KCbc
kCCD.jpg,kCCD
KceK.jpg,KceK
kCFt.jpg,kCFt
kcGW.jpg,kcGW
KCke.jpg,KCke
kCMA.jpg,kCMA
kcq4.jpg,kcq4
KCW+.jpg,KCW+
KD3Y.jpg,KD3Y
kdD5.jpg,kdD5
kdD6.jpg,kdD6
kDG8.jpg,kDG8
KdHm.jpg,KdHm
KdNK.jpg,KdNK
ke2m.jpg,ke2m
kE5@.jpg,kE5@
Ke8y.jpg,Ke8y
kecH.jpg,kecH
KEF7.jpg,KEF7
KENK.jpg,KENK
kENw.jpg,kENw
kEQa.jpg,kEQa
KeQd.jpg,KeQd
Kez+.jpg,Kez+
kf+=.jpg,kf+=
kF5E.jpg,kF5E
kF7r.jpg,kF7r
kfA#.jpg,kfA#
kFc8.jpg,kFc8
Kfd6.jpg,Kfd6
Kfek.jpg,Kfek
kFKt.jpg,kFKt
KfYa.jpg,KfYa
kG27.jpg,kG27
Kg4E.jpg,Kg4E
KgA4.jpg,KgA4
KGd3.jpg,KGd3
KGf#.jpg,KGf#
kGfe.jpg,kGfe
KgFM.jpg,KgFM
KGNA.jpg,KGNA
kgRx.jpg,kgRx
KgT8.jpg,KgT8
kgyz.jpg,kgyz
kh8x.jpg,kh8x
khDn.jpg,khDn
khn5.jpg,khn5
Kht2.jpg,Kht2
kHWX.jpg,kHWX
Kk8b.jpg,Kk8b
kK@6.jpg,kK@6
kKAh.jpg,kKAh
KkBY.jpg,KkBY
kkGK.jpg,kkGK
kKKA.jpg,kKKA
kKss.jpg,kKss
KkTE.jpg,KkTE
km5+.jpg,km5+
kM6#.jpg,kM6#
km6r.jpg,km6r
KM93.jpg,KM93
KM@h.jpg,KM@h
KMB8.jpg,KMB8
KMsG.jpg,KMsG
Kmtx.jpg,Kmtx
kmY6.jpg,kmY6
kmZM.jpg,kmZM
Kn+D.jpg,Kn+D
kn57.jpg,kn57
KN=R.jpg,KN=R
knat.jpg,knat
KNbs.jpg,KNbs
knkN.jpg,knkN
kNnb.jpg,kNnb
Knr=.jpg,Knr=
Kp5M.jpg,Kp5M
kp8Y.jpg,kp8Y
kp=a.jpg,kp=a
Kpk2.jpg,Kpk2
KPnq.jpg,KPnq
KPp5.jpg,KPp5
KPx#.jpg,KPx#
KPz6.jpg,KPz6
kQ68.jpg,kQ68
Kqb2.jpg,Kqb2
Kqpf.jpg,Kqpf
KQX8.jpg,KQX8
Kr38.jpg,Kr38
Kr3p.jpg,Kr3p
kr88.jpg,kr88
kr=@.jpg,kr=@
krb4.jpg,krb4
KRD7.jpg,KRD7
Krf9.jpg,Krf9
kRhK.jpg,kRhK
KrrT.jpg,KrrT
krsK.jpg,krsK
KrxX.jpg,KrxX
KS4F.jpg,KS4F
KS6z.jpg,KS6z
ks9d.jpg,ks9d
KsBd.jpg,KsBd
KSHx.jpg,KSHx
kTBk.jpg,kTBk
KtcQ.jpg,KtcQ
KTXE.jpg,KTXE
kw#h.jpg,kw#h
kw==.jpg,kw==
KWAf.jpg,KWAf
KWeH.jpg,KWeH
KX#K.jpg,KX#K
Kx26.jpg,Kx26
KX2s.jpg,KX2s
KX56.jpg,KX56
kx7F.jpg,kx7F
Kx@r.jpg,Kx@r
KxcM.jpg,KxcM
kXe3.jpg,kXe3
kXEP.jpg,kXEP
kXG5.jpg,kXG5
KxGf.jpg,KxGf
kxHB.jpg,kxHB
KXKW.jpg,KXKW
Kxp3.jpg,Kxp3
Kxt4.jpg,Kxt4
KY#Z.jpg,KY#Z
kY9e.jpg,kY9e
KYag.jpg,KYag
Kyb2.jpg,Kyb2
KYg9.jpg,KYg9
kysD.jpg,kysD
Kz#2.jpg,Kz#2
kZ#4.jpg,kZ#4
kZ36.jpg,kZ36
kz3r.jpg,kz3r
kZ94.jpg,kZ94
kZdD.jpg,kZdD
kZp4.jpg,kZp4
KZph.jpg,KZph
kzYP.jpg,kzYP
kZZ@.jpg,kZZ@
M#+t.jpg,M#+t
m#3@.jpg,m#3@
m#@S.jpg,m#@S
M#ax.jpg,M#ax
M#c7.jpg,M#c7
m#d4.jpg,m#d4
M#F6.jpg,M#F6
M#Gz.jpg,M#Gz
M#Mb.jpg,M#Mb
m#q6.jpg,m#q6
M#sB.jpg,M#sB
M+3=.jpg,M+3=
M2#C.jpg,M2#C
m23f.jpg,m23f
M24R.jpg,M24R
M293.jpg,M293
M2da.jpg,M2da
m2e9.jpg,m2e9
M2hE.jpg,M2hE
M2m=.jpg,M2m=
m2qr.jpg,m2qr
m2wD.jpg,m2wD
m3+y.jpg,m3+y
m354.jpg,m354
m36@.jpg,m36@
m36Q.jpg,m36Q
m3@e.jpg,m3@e
M3qs.jpg,M3qs
M4+2.jpg,M4+2
m434.jpg,m434
M436.jpg,M436
m4@2.jpg,m4@2
M4Cn.jpg,M4Cn
M4CQ.jpg,M4CQ
m4H+.jpg,m4H+
m4hg.jpg,m4hg
m4NS.jpg,m4NS
m4Pw.jpg,m4Pw
m4S8.jpg,m4S8
m533.jpg,m533
M54W.jpg,M54W
m55x.jpg,m55x
m5WQ.jpg,m5WQ
m69A.jpg,m69A
M6dr.jpg,M6dr
M6k3.jpg,M6k3
m6Q5.jpg,m6Q5
M6t8.jpg,M6t8
M6xp.jpg,M6xp
M722.jpg,M722
M757.jpg,M757
M79r.jpg,M79r
m7Br.jpg,m7Br
M7K5.jpg,M7K5
m7ME.jpg,m7ME
M7xC.jpg,M7xC
m8+C.jpg,m8+C
M88N.jpg,M88N
m8A5.jpg,m8A5
m8Dr.jpg,m8Dr
m8Ed.jpg,m8Ed
m8KS.jpg,m8KS
m8nh.jpg,m8nh
m8y5.jpg,m8y5
m946.jpg,m946
M95Y.jpg,M95Y
M97d.jpg,M97d
m97s.jpg,m97s
m9E5.jpg,m9E5
M9Kz.jpg,M9Kz
m9Rh.jpg,m9Rh
M9S+.jpg,M9S+
m9S@.jpg,m9S@
M9Z6.jpg,M9Z6
m=+E.jpg,m=+E
m=28.jpg,m=28
M=M9.jpg,M=M9
M=pn.jpg,M=pn
M@7W.jpg,M@7W
M@ct.jpg,M@ct
M@km.jpg,M@km
ma#8.jpg,ma#8
mA9@.jpg,mA9@
maCn.jpg,maCn
MADM.jpg,MADM
maR8.jpg,maR8
MB#+.jpg,MB#+
mB#@.jpg,mB#@
mB27.jpg,mB27
Mb2n.jpg,Mb2n
MB67.jpg,MB67
mbd3.jpg,mbd3
MBP9.jpg,MBP9
Mbq7.jpg,Mbq7
mc#5.jpg,mc#5
mc4Y.jpg,mc4Y
mc9q.jpg,mc9q
MC=X.jpg,MC=X
MCD6.jpg,MCD6
MCD9.jpg,MCD9
mcfa.jpg,mcfa
McrS.jpg,McrS
mCw6.jpg,mCw6
md23.jpg,md23
mD8H.jpg,mD8H
mDGE.jpg,mDGE
mDnX.jpg,mDnX
MDQ5.jpg,MDQ5
Mdqp.jpg,Mdqp
MDyf.jpg,MDyf
mE63.jpg,mE63
ME6K.jpg,ME6K
Me8x.jpg,Me8x
mEdT.jpg,mEdT
mEMD.jpg,mEMD
Meq9.jpg,Meq9
MErr.jpg,MErr
meYp.jpg,meYp
MEZt.jpg,MEZt
mf3h.jpg,mf3h
Mf83.jpg,Mf83
MfFA.jpg,MfFA
MfG9.jpg,MfG9
MfNM.jpg,MfNM
mFYt.jpg,mFYt
mg#4.jpg,mg#4
mgH2.jpg,mgH2
Mgn9.jpg,Mgn9
MGR9.jpg,MGR9
mGr=.jpg,mGr=
mGRe.jpg,mGRe
Mh2#.jpg,Mh2#
MH6r.jpg,MH6r
mHB=.jpg,mHB=
mhDd.jpg,mhDd
mhdR.jpg,mhdR
mhe8.jpg,mhe8
MhG#.jpg,MhG#
Mhh9.jpg,Mhh9
MHzc.jpg,MHzc
mk2w.jpg,mk2w
Mk39.jpg,Mk39
mK6D.jpg,mK6D
MK6G.jpg,MK6G
MK7W.jpg,MK7W
MK9Q.jpg,MK9Q
mK=q.jpg,mK=q
mkCQ.jpg,mkCQ
MkHF.jpg,MkHF
MKZ6.jpg,MKZ6
mM#R.jpg,mM#R
MM3Q.jpg,MM3Q
mMbt.jpg,mMbt
Mmg4.jpg,Mmg4
mmGR.jpg,mmGR
mmKf.jpg,mmKf
mMMG.jpg,mMMG
mMQ+.jpg,mMQ+
MMX#.jpg,MMX#
mn4w.jpg,mn4w
mN6s.jpg,mN6s
mN82.jpg,mN82
mnAr.jpg,mnAr
mnD2.jpg,mnD2
MNDA.jpg,MNDA
mNeG.jpg,mNeG
mNN9.jpg,mNN9
MNx6.jpg,MNx6
mny#.jpg,mny#
MNZC.jpg,MNZC
MP2w.jpg,MP2w
MPa@.jpg,MPa@
mpQD.jpg,mpQD
MPRx.jpg,MPRx
mpsC.jpg,mpsC
mpzd.jpg,mpzd
Mq46.jpg,Mq46
Mq8N.jpg,Mq8N
mQ9t.jpg,mQ9t
mqMR.jpg,mqMR
MQnt.jpg,MQnt
mR45.jpg,mR45
mRA@.jpg,mRA@
mRaE.jpg,mRaE
mren.jpg,mren
mRFz.jpg,mRFz
mrHg.jpg,mrHg
mrNn.jpg,mrNn
mRq5.jpg,mRq5
Mrsr.jpg,Mrsr
MRw4.jpg,MRw4
mrXh.jpg,mrXh
mS86.jpg,mS86
ms@w.jpg,ms@w
msgr.jpg,msgr
Mta@.jpg,Mta@
MtdN.jpg,MtdN
MtFe.jpg,MtFe
mTFY.jpg,mTFY
mTHa.jpg,mTHa
Mtm9.jpg,Mtm9
mTnA.jpg,mTnA
mTnP.jpg,mTnP
MTrT.jpg,MTrT
mtT7.jpg,mtT7
MttF.jpg,MttF
Mw#5.jpg,Mw#5
mw8W.jpg,mw8W
MwbQ.jpg,MwbQ
mWM9.jpg,mWM9
mwnX.jpg,mwnX
MWQK.jpg,MWQK
Mx4s.jpg,Mx4s
Mx@M.jpg,Mx@M
mXdY.jpg,mXdY
MXZY.jpg,MXZY
My2f.jpg,My2f
MY9C.jpg,MY9C
myA8.jpg,myA8
mYAA.jpg,mYAA
mYm7.jpg,mYm7
Mytd.jpg,Mytd
Myw9.jpg,Myw9
Mz2t.jpg,Mz2t
mz7E.jpg,mz7E
mz7F.jpg,mz7F
mz7m.jpg,mz7m
mz@a.jpg,mz@a
MZDC.jpg,MZDC
mZG2.jpg,mZG2
mzm+.jpg,mzm+
MZSH.jpg,MZSH
n#7x.jpg,n#7x
N#8A.jpg,N#8A
N#9S.jpg,N#9S
N#EM.jpg,N#EM
N#XA.jpg,N#XA
N#XW.jpg,N#XW
n+#r.jpg,n+#r
N+38.jpg,N+38
n+6p.jpg,n+6p
n+7y.jpg,n+7y
N2#Q.jpg,N2#Q
N2DA.jpg,N2DA
n2z3.jpg,n2z3
N3+8.jpg,N3+8
n37@.jpg,n37@
n38h.jpg,n38h
N3=f.jpg,N3=f
N3GA.jpg,N3GA
N3mR.jpg,N3mR
N3NS.jpg,N3NS
N3q#.jpg,N3q#
n3wp.jpg,n3wp
n475.jpg,n475
N48c.jpg,N48c
n49m.jpg,n49m
N4aH.jpg,N4aH
N4aX.jpg,N4aX
N4c@.jpg,N4c@
n4cd.jpg,n4cd
n57H.jpg,n57H
n5eb.jpg,n5eb
N5fT.jpg,N5fT
N5WD.jpg,N5WD
n5xm.jpg,n5xm
N5z8.jpg,N5z8
n6BB.jpg,n6BB
N6C@.jpg,N6C@
n6DC.jpg,n6DC
n6E+.jpg,n6E+
N6HP.jpg,N6HP
N6s9.jpg,N6s9
N6t6.jpg,N6t6
n6xx.jpg,n6xx
n732.jpg,n732
n74T.jpg,n74T
n7A=.jpg,n7A=
n7cm.jpg,n7cm
n7NM.jpg,n7NM
N7YD.jpg,N7YD
n7YS.jpg,n7YS
N8#D.jpg,N8#D
n8#q.jpg,n8#q
N8F7.jpg,N8F7
n8N6.jpg,n8N6
N8NA.jpg,N8NA
N8w+.jpg,N8w+
N8YD.jpg,N8YD
N92+.jpg,N92+
N9=C.jpg,N9=C
n9NA.jpg,n9NA
n9qr.jpg,n9qr
n9S+.jpg,n9S+
n9xZ.jpg,n9xZ
N=+a.jpg,N=+a
N=8d.jpg,N=8d
N=b9.jpg,N=b9
N=h7.jpg,N=h7
n=MX.jpg,n=MX
n=W@.jpg,n=W@
N@#c.jpg,N@#c
n@5e.jpg,n@5e
N@6G.jpg,N@6G
N@8e.jpg,N@8e
N@@q.jpg,N@@q
n@aM.jpg,n@aM
na#9.jpg,na#9
NA3G.jpg,NA3G
Nad4.jpg,Nad4
NAdW.jpg,NAdW
naKA.jpg,naKA
nAWq.jpg,nAWq
Nb#s.jpg,Nb#s
Nb3T.jpg,Nb3T
NbCQ.jpg,NbCQ
NBMm.jpg,NBMm
NBr=.jpg,NBr=
nBrZ.jpg,nBrZ
nBtm.jpg,nBtm
Ncg=.jpg,Ncg=
NChw.jpg,NChw
NCYd.jpg,NCYd
Nd2G.jpg,Nd2G
ND6D.jpg,ND6D
nD7K.jpg,nD7K
Nd82.jpg,Nd82
NdF5.jpg,NdF5
nDre.jpg,nDre
Ne#5.jpg,Ne#5
nE7X.jpg,nE7X
Nea#.jpg,Nea#
neG4.jpg,neG4
nekw.jpg,nekw
NENW.jpg,NENW
nEPy.jpg,nEPy
nEtC.jpg,nEtC
nF8y.jpg,nF8y
nF98.jpg,nF98
nF=r.jpg,nF=r
nfxA.jpg,nfxA
ng+c.jpg,ng+c
ng3m.jpg,ng3m
ng58.jpg,ng58
ng7m.jpg,ng7m
NGaN.jpg,NGaN
nGE2.jpg,nGE2
ngFC.jpg,ngFC
NgFk.jpg,NgFk
Nghd.jpg,Nghd
NGmS.jpg,NGmS
ngNQ.jpg,ngNQ
NGrz.jpg,NGrz
NH#g.jpg,NH#g
NH+4.jpg,NH+4
NH=A.jpg,NH=A
NHD2.jpg,NHD2
nhw2.jpg,nhw2
nk+=.jpg,nk+=
Nk7d.jpg,Nk7d
nk97.jpg,nk97
NKPZ.jpg,NKPZ
nkXX.jpg,nkXX
NKyh.jpg,NKyh
nm6D.jpg,nm6D
Nm8+.jpg,Nm8+
Nmn#.jpg,Nmn#
NMPb.jpg,NMPb
nMXy.jpg,nMXy
nmzE.jpg,nmzE
nN9E.jpg,nN9E
NnbB.jpg,NnbB
nnEc.jpg,nnEc
NnKg.jpg,NnKg
nNQ6.jpg,nNQ6
Nnt2.jpg,Nnt2
NNT6.jpg,NNT6
nnT7.jpg,nnT7
NNy8.jpg,NNy8
NP87.jpg,NP87
nPAR.jpg,nPAR
npGX.jpg,npGX
nPK+.jpg,nPK+
Npmk.jpg,Npmk
NpNe.jpg,NpNe
npsA.jpg,npsA
nPZ7.jpg,nPZ7
nQ3F.jpg,nQ3F
NQ85.jpg,NQ85
nq8S.jpg,nq8S
Nq8Y.jpg,Nq8Y
nqhb.jpg,nqhb
nqYr.jpg,nqYr
Nr9G.jpg,Nr9G
Nr@G.jpg,Nr@G
NRa+.jpg,NRa+
nraq.jpg,nraq
NRed.jpg,NRed
nRfB.jpg,nRfB
nrPR.jpg,nrPR
nRt2.jpg,nRt2
Ns==.jpg,Ns==
nSat.jpg,nSat
NSCE.jpg,NSCE
nt#4.jpg,nt#4
Nt3H.jpg,Nt3H
NT5d.jpg,NT5d
nT6S.jpg,nT6S
nT88.jpg,nT88
nt8x.jpg,nt8x
Nt98.jpg,Nt98
nt=5.jpg,nt=5
NT@z.jpg,NT@z
nTam.jpg,nTam
NTBF.jpg,NTBF
Ntk4.jpg,Ntk4
NtnP.jpg,NtnP
NTnz.jpg,NTnz
NtPB.jpg,NtPB
nTs@.jpg,nTs@
NttD.jpg,NttD
nTTW.jpg,nTTW
nW3b.jpg,nW3b
Nw5H.jpg,Nw5H
NW9C.jpg,NW9C
Nw=x.jpg,Nw=x
NwaS.jpg,NwaS
NWKD.jpg,NWKD
Nx=@.jpg,Nx=@
nXf7.jpg,nXf7
nXGR.jpg,nXGR
Nxpa.jpg,Nxpa
nXQb.jpg,nXQb
nxWm.jpg,nxWm
NxzF.jpg,NxzF
nY9W.jpg,nY9W
nyDf.jpg,nyDf
nYEn.jpg,nYEn
NYQK.jpg,NYQK
NYxC.jpg,NYxC
nyyw.jpg,nyyw
nz3C.jpg,nz3C
NZ8@.jpg,NZ8@
nZaN.jpg,nZaN
nZD7.jpg,nZD7
nzr#.jpg,nzr#
Nzx4.jpg,Nzx4
NZY3.jpg,NZY3
p#8g.jpg,p#8g
p#Ay.jpg,p#Ay
P#dy.jpg,P#dy
p#Zz.jpg,p#Zz
p+8q.jpg,p+8q
p+=m.jpg,p+=m
P+Bb.jpg,P+Bb
P+d4.jpg,P+d4
P+Mp.jpg,P+Mp
p+sH.jpg,p+sH
p22z.jpg,p22z
P24b.jpg,P24b
P2Ak.jpg,P2Ak
p2C2.jpg,p2C2
p2R=.jpg,p2R=
p2RM.jpg,p2RM
p2td.jpg,p2td
P2YF.jpg,P2YF
P33Q.jpg,P33Q
p35Y.jpg,p35Y
p3h9.jpg,p3h9
P3m5.jpg,P3m5
P3Pa.jpg,P3Pa
P3pD.jpg,P3pD
P3wM.jpg,P3wM
P484.jpg,P484
p4=R.jpg,p4=R
P4h7.jpg,P4h7
p4p=.jpg,p4p=
P4q8.jpg,P4q8
p4xW.jpg,p4xW
P4zF.jpg,P4zF
p5+r.jpg,p5+r
P52G.jpg,P52G
p559.jpg,p559
p595.jpg,p595
P5Bb.jpg,P5Bb
P5D8.jpg,P5D8
p5Ef.jpg,p5Ef
p5Gs.jpg,p5Gs
p5H7.jpg,p5H7
P5M4.jpg,P5M4
p5R8.jpg,p5R8
P5sb.jpg,P5sb
p5Za.jpg,p5Za
p683.jpg,p683
p6d#.jpg,p6d#
p73#.jpg,p73#
p7=#.jpg,p7=#
P7eg.jpg,P7eg
P7H=.jpg,P7H=
p7xK.jpg,p7xK
p8HM.jpg,p8HM
p8kp.jpg,p8kp
p8M6.jpg,p8M6
P8YG.jpg,P8YG
p9#X.jpg,p9#X
p96w.jpg,p96w
P9cd.jpg,P9cd
p9Cz.jpg,p9Cz
P9QS.jpg,P9QS
P9T=.jpg,P9T=
P9xk.jpg,P9xk
p=3c.jpg,p=3c
P=6#.jpg,P=6#
p=82.jpg,p=82
P=8Y.jpg,P=8Y
P=AD.jpg,P=AD
p=BX.jpg,p=BX
P=BY.jpg,P=BY
p=G5.jpg,p=G5
p@2@.jpg,p@2@
P@4g.jpg,P@4g
P@=H.jpg,P@=H
P@n4.jpg,P@n4
p@tk.jpg,p@tk
pA#H.jpg,pA#H
pA4=.jpg,pA4=
pa5G.jpg,pa5G
PA96.jpg,PA96
pA99.jpg,pA99
pAD8.jpg,pAD8
PAnf.jpg,PAnf
paSr.jpg,paSr
PB4w.jpg,PB4w
pbEz.jpg,pbEz
pBg7.jpg,pBg7
pbmf.jpg,pbmf
Pc65.jpg,Pc65
PCGC.jpg,PCGC
PCNq.jpg,PCNq
pd6B.jpg,pd6B
pDbt.jpg,pDbt
pDD9.jpg,pDD9
pdsT.jpg,pdsT
pdXM.jpg,pdXM
Pe42.jpg,Pe42
PE5z.jpg,PE5z
Ped4.jpg,Ped4
peDd.jpg,peDd
pEgT.jpg,pEgT
pEKn.jpg,pEKn
PepS.jpg,PepS
Pewg.jpg,Pewg
PF2w.jpg,PF2w
pf@n.jpg,pf@n
PF@R.jpg,PF@R
PfA=.jpg,PfA=
PfEc.jpg,PfEc
pfhb.jpg,pfhb
pFNq.jpg,pFNq
PfS6.jpg,PfS6
PFX@.jpg,PFX@
pg5h.jpg,pg5h
pG5y.jpg,pG5y
PGpT.jpg,PGpT
phad.jpg,phad
phe3.jpg,phe3
phe6.jpg,phe6
phH7.jpg,phH7
pHpB.jpg,pHpB
pK+H.jpg,pK+H
Pk3p.jpg,Pk3p
Pk5M.jpg,Pk5M
pk69.jpg,pk69
PK=3.jpg,PK=3
pkwR.jpg,pkwR
PKYH.jpg,PKYH
pmB3.jpg,pmB3
pN6F.jpg,pN6F
PNDE.jpg,PNDE
PnwP.jpg,PnwP
PNXW.jpg,PNXW
PP+#.jpg,PP+#
PP2+.jpg,PP2+
Pp6z.jpg,Pp6z
pp7q.jpg,pp7q
PPAX.jpg,PPAX
Ppfa.jpg,Ppfa
PPHN.jpg,PPHN
pPkC.jpg,pPkC
ppX8.jpg,ppX8
PQ6Z.jpg,PQ6Z
PQQK.jpg,PQQK
PqWZ.jpg,PqWZ
Pqz@.jpg,Pqz@
PR+8.jpg,PR+8
Pr3R.jpg,Pr3R
PR43.jpg,PR43
PrB4.jpg,PrB4
prEH.jpg,prEH
prPA.jpg,prPA
PRQ6.jpg,PRQ6
prWB.jpg,prWB
PS79.jpg,PS79
PsBm.jpg,PsBm
pszg.jpg,pszg
Pt28.jpg,Pt28
pTFN.jpg,pTFN
ptqe.jpg,ptqe
Pw#+.jpg,Pw#+
pw#8.jpg,pw#8
pw6t.jpg,pw6t
pw8a.jpg,pw8a
pwc7.jpg,pwc7
PWDS.jpg,PWDS
pwe7.jpg,pwe7
pWeD.jpg,pWeD
PWFt.jpg,PWFt
PWZK.jpg,PWZK
Px+@.jpg,Px+@
pX4t.jpg,pX4t
px5F.jpg,px5F
PxaD.jpg,PxaD
pxsn.jpg,pxsn
PY8#.jpg,PY8#
PY8T.jpg,PY8T
pY@Y.jpg,pY@Y
pyKa.jpg,pyKa
pYy7.jpg,pYy7
Pz53.jpg,Pz53
pz66.jpg,pz66
pz7D.jpg,pz7D
PzNw.jpg,PzNw
pzxd.jpg,pzxd
q#+8.jpg,q#+8
Q#+@.jpg,Q#+@
q#4A.jpg,q#4A
q#5@.jpg,q#5@
Q#6d.jpg,Q#6d
Q#7@.jpg,Q#7@
q#9+.jpg,q#9+
Q#9D.jpg,Q#9D
Q#h4.jpg,Q#h4
q#Kq.jpg,q#Kq
q#t9.jpg,q#t9
q#Y@.jpg,q#Y@
Q+2+.jpg,Q+2+
Q+4H.jpg,Q+4H
q+=P.jpg,q+=P
q+=r.jpg,q+=r
Q+aA.jpg,Q+aA
q+c8.jpg,q+c8
q+Fz.jpg,q+Fz
q+Gf.jpg,q+Gf
q+WK.jpg,q+WK
Q26d.jpg,Q26d
q2e9.jpg,q2e9
q2F5.jpg,q2F5
q2gs.jpg,q2gs
Q2nT.jpg,Q2nT
q2S5.jpg,q2S5
q2td.jpg,q2td
q35S.jpg,q35S
Q369.jpg,Q369
q38M.jpg,q38M
q39Q.jpg,q39Q
q3=p.jpg,q3=p
q3az.jpg,q3az
q3D9.jpg,q3D9
Q3E=.jpg,Q3E=
q3f6.jpg,q3f6
Q3hh.jpg,Q3hh
Q3Wa.jpg,Q3Wa
q3ze.jpg,q3ze
Q3zs.jpg,Q3zs
q4@b.jpg,q4@b
Q4fK.jpg,Q4fK
Q4py.jpg,Q4py
Q4Xz.jpg,Q4Xz
q528.jpg,q528
Q54h.jpg,Q54h
q54Y.jpg,q54Y
q565.jpg,q565
q5CH.jpg,q5CH
Q5EN.jpg,Q5EN
Q5Fx.jpg,Q5Fx
Q5Ge.jpg,Q5Ge
Q5Gt.jpg,Q5Gt
Q5k5.jpg,Q5k5
Q5mw.jpg,Q5mw
q64c.jpg,q64c
Q656.jpg,Q656
Q6mR.jpg,Q6mR
Q6pc.jpg,Q6pc
q6Q9.jpg,q6Q9
q6RG.jpg,q6RG
q72p.jpg,q72p
Q7CS.jpg,Q7CS
Q83A.jpg,Q83A
q84n.jpg,q84n
Q8aK.jpg,Q8aK
q8fm.jpg,q8fm
q9#X.jpg,q9#X
q97N.jpg,q97N
Q98G.jpg,Q98G
Q9A8.jpg,Q9A8
Q9DY.jpg,Q9DY
Q9MW.jpg,Q9MW
Q9sg.jpg,Q9sg
Q9x3.jpg,Q9x3
Q9Xx.jpg,Q9Xx
q9ZN.jpg,q9ZN
q=3T.jpg,q=3T
Q=4b.jpg,Q=4b
q=8#.jpg,q=8#
Q=Pk.jpg,Q=Pk
Q=q3.jpg,Q=q3
Q=r=.jpg,Q=r=
Q@28.jpg,Q@28
q@5G.jpg,q@5G
q@95.jpg,q@95
q@D=.jpg,q@D=
QA99.jpg,QA99
Qag2.jpg,Qag2
qAH@.jpg,qAH@
Qam#.jpg,Qam#
qawA.jpg,qawA
QBah.jpg,QBah
qbcz.jpg,qbcz
QbQ5.jpg,QbQ5
qBR8.jpg,qBR8
qbxA.jpg,qbxA
QBxK.jpg,QBxK
QC4P.jpg,QC4P
qC64.jpg,qC64
qc@4.jpg,qc@4
qCak.jpg,qCak
qCbb.jpg,qCbb
QCM8.jpg,QCM8
qCMh.jpg,qCMh
QcNx.jpg,QcNx
qcPw.jpg,qcPw
qd+y.jpg,qd+y
Qd=w.jpg,Qd=w
qDdF.jpg,qDdF
qDfw.jpg,qDfw
qdWA.jpg,qdWA
qDxb.jpg,qDxb
qdZN.jpg,qdZN
Qe2r.jpg,Qe2r
QE2x.jpg,QE2x
qE3S.jpg,qE3S
qe9t.jpg,qe9t
QEDG.jpg,QEDG
QENZ.jpg,QENZ
QEzH.jpg,QEzH
QF=2.jpg,QF=2
QF=b.jpg,QF=b
Qfbg.jpg,Qfbg
QfCQ.jpg,QfCQ
QfGX.jpg,QfGX
qfkM.jpg,qfkM
Qfm7.jpg,Qfm7
Qg#p.jpg,Qg#p
QGcK.jpg,QGcK
qgg8.jpg,qgg8
qgRX.jpg,qgRX
qGWr.jpg,qGWr
qgx3.jpg,qgx3
qgY7.jpg,qgY7
Qh35.jpg,Qh35
QH3E.jpg,QH3E
qhEF.jpg,qhEF
qhGG.jpg,qhGG
qHhB.jpg,qHhB
qHxp.jpg,qHxp
qHZ4.jpg,qHZ4
qK5a.jpg,qK5a
qK6A.jpg,qK6A
qK9#.jpg,qK9#
qKyN.jpg,qKyN
qm#R.jpg,qm#R
qM+#.jpg,qM+#
qMdW.jpg,qMdW
qME5.jpg,qME5
QmEF.jpg,QmEF
qmSn.jpg,qmSn
QmY5.jpg,QmY5
Qn+8.jpg,Qn+8
Qn2#.jpg,Qn2#
QNgt.jpg,QNgt
qnhe.jpg,qnhe
QNxP.jpg,QNxP
qnz7.jpg,qnz7
qP4h.jpg,qP4h
Qp8f.jpg,Qp8f
QP9+.jpg,QP9+
QPkq.jpg,QPkq
qPnt.jpg,qPnt
qQBN.jpg,qQBN
QqGb.jpg,QqGb
qQHM.jpg,qQHM
QQms.jpg,QQms
QQpc.jpg,QQpc
qQTE.jpg,qQTE
QqZ+.jpg,QqZ+
Qr5z.jpg,Qr5z
Qr6g.jpg,Qr6g
QRea.jpg,QRea
qrgQ.jpg,qrgQ
qrH6.jpg,qrH6
QrKZ.jpg,QrKZ
QRpd.jpg,QRpd
QrPF.jpg,QrPF
QRsR.jpg,QRsR
QS5c.jpg,QS5c
Qs6d.jpg,Qs6d
qs8W.jpg,qs8W
Qsps.jpg,Qsps
qsqm.jpg,qsqm
qsTN.jpg,qsTN
QT+Q.jpg,QT+Q
qt72.jpg,qt72
qT74.jpg,qT74
Qt9E.jpg,Qt9E
QTcy.jpg,QTcy
Qtw4.jpg,Qtw4
qtyH.jpg,qtyH
qw=+.jpg,qw=+
qw=6.jpg,qw=6
Qwar.jpg,Qwar
QWC4.jpg,QWC4
qWCR.jpg,qWCR
Qwew.jpg,Qwew
qwEy.jpg,qwEy
qWMc.jpg,qWMc
qwQD.jpg,qwQD
qwtD.jpg,qwtD
qx6t.jpg,qx6t
Qx8Q.jpg,Qx8Q
qxhr.jpg,qxhr
QxHW.jpg,QxHW
qXmz.jpg,qXmz
qxSz.jpg,qxSz
qXXy.jpg,qXXy
QY2#.jpg,QY2#
qy38.jpg,qy38
QY9d.jpg,QY9d
qy9H.jpg,qy9H
qyb=.jpg,qyb=
QyDa.jpg,QyDa
qYq3.jpg,qYq3
qyYw.jpg,qyYw
Qz+9.jpg,Qz+9
QZ2+.jpg,QZ2+
Qz8W.jpg,Qz8W
qz9w.jpg,qz9w
QZAb.jpg,QZAb
QZAn.jpg,QZAn
QZaw.jpg,QZaw
qzhg.jpg,qzhg
QZN6.jpg,QZN6
QzYx.jpg,QzYx
r#+E.jpg,r#+E
R#2f.jpg,R#2f
R#58.jpg,R#58
r#dD.jpg,r#dD
r#Gs.jpg,r#Gs
r#qf.jpg,r#qf
R#s3.jpg,R#s3
r#xb.jpg,r#xb
r#Y2.jpg,r#Y2
r#z6.jpg,r#z6
R++7.jpg,R++7
r+7R.jpg,r+7R
R+=p.jpg,R+=p
R+g5.jpg,R+g5
r+Hh.jpg,r+Hh
R+ra.jpg,R+ra
R+x5.jpg,R+x5
R+x9.jpg,R+x9
R23d.jpg,R23d
R23t.jpg,R23t
r25g.jpg,r25g
R25P.jpg,R25P
R2Cb.jpg,R2Cb
r2g8.jpg,r2g8
R2k7.jpg,R2k7
R2z9.jpg,R2z9
r3ep.jpg,r3ep
r3GN.jpg,r3GN
r3p8.jpg,r3p8
r3w#.jpg,r3w#
r3Ye.jpg,r3Ye
r439.jpg,r439
r45A.jpg,r45A
R4b4.jpg,R4b4
r4d=.jpg,r4d=
R4WA.jpg,R4WA
R54B.jpg,R54B
R54c.jpg,R54c
R57e.jpg,R57e
r5AC.jpg,r5AC
r5GX.jpg,r5GX
R5p=.jpg,R5p=
r5pf.jpg,r5pf
R5Z+.jpg,R5Z+
R62d.jpg,R62d
R66#.jpg,R66#
r66N.jpg,r66N
r6@5.jpg,r6@5
R6EC.jpg,R6EC
r6XM.jpg,r6XM
R7#2.jpg,R7#2
r733.jpg,r733
R75=.jpg,R75=
r796.jpg,r796
R79B.jpg,R79B
R7HD.jpg,R7HD
r7w7.jpg,r7w7
R7X+.jpg,R7X+
r7zt.jpg,r7zt
R83e.jpg,R83e
R87r.jpg,R87r
r8=2.jpg,r8=2
r8f+.jpg,r8f+
r8sH.jpg,r8sH
R8XM.jpg,R8XM
R926.jpg,R926
r94W.jpg,r94W
R964.jpg,R964
r97@.jpg,r97@
r97W.jpg,r97W
r9@y.jpg,r9@y
R9d3.jpg,R9d3
R9gs.jpg,R9gs
R9nn.jpg,R9nn
r9Xs.jpg,r9Xs
r=32.jpg,r=32
r=4c.jpg,r=4c
r=6H.jpg,r=6H
R==6.jpg,R==6
R=ar.jpg,R=ar
R=h9.jpg,R=h9
R=rm.jpg,R=rm
r=SG.jpg,r=SG
R@+F.jpg,R@+F
r@=a.jpg,r@=a
R@C#.jpg,R@C#
r@h7.jpg,r@h7
r@hk.jpg,r@hk
r@y2.jpg,r@y2
RA75.jpg,RA75
Ra=7.jpg,Ra=7
raFh.jpg,raFh
RAg4.jpg,RAg4
rAxe.jpg,rAxe
RAZM.jpg,RAZM
rb+r.jpg,rb+r
rB35.jpg,rB35
RB3=.jpg,RB3=
Rb3g.jpg,Rb3g
Rb=3.jpg,Rb=3
rb@@.jpg,rb@@
RBAE.jpg,RBAE
RBEb.jpg,RBEb
rBN+.jpg,rBN+
rC#k.jpg,rC#k
rC#Q.jpg,rC#Q
RC+8.jpg,RC+8
rc@s.jpg,rc@s
RcDR.jpg,RcDR
rcEz.jpg,rcEz
rCG7.jpg,rCG7
rCNx.jpg,rCNx
RcNy.jpg,RcNy
rD32.jpg,rD32
Rd4T.jpg,Rd4T
rDA2.jpg,rDA2
rDd3.jpg,rDd3
Rdm6.jpg,Rdm6
RDmg.jpg,RDmg
rDnH.jpg,rDnH
rDP@.jpg,rDP@
rdR5.jpg,rdR5
rdT2.jpg,rdT2
Rdzh.jpg,Rdzh
rE9R.jpg,rE9R
Re=4.jpg,Re=4
rEcB.jpg,rEcB
Reh2.jpg,Reh2
rEN9.jpg,rEN9
REQh.jpg,REQh
rEQq.jpg,rEQq
rF+E.jpg,rF+E
rf5P.jpg,rf5P
Rf73.jpg,Rf73
rF8T.jpg,rF8T
Rfds.jpg,Rfds
rfF2.jpg,rfF2
RFrP.jpg,RFrP
Rg+P.jpg,Rg+P
Rg5S.jpg,Rg5S
RGeB.jpg,RGeB
RgeM.jpg,RgeM
RGhf.jpg,RGhf
RgK@.jpg,RgK@
rGPK.jpg,rGPK
RGRy.jpg,RGRy
Rh35.jpg,Rh35
RH5t.jpg,RH5t
RhcN.jpg,RhcN
rhgN.jpg,rhgN
RhKa.jpg,RhKa
RhMD.jpg,RhMD
rHxG.jpg,rHxG
RHZn.jpg,RHZn
rk9#.jpg,rk9#
RKmg.jpg,RKmg
RM##.jpg,RM##
RM2M.jpg,RM2M
rm58.jpg,rm58
rm9K.jpg,rm9K
Rmwx.jpg,Rmwx
rN2k.jpg,rN2k
rn5H.jpg,rn5H
RN5P.jpg,RN5P
RN6a.jpg,RN6a
Rnb3.jpg,Rnb3
RNC2.jpg,RNC2
RNEt.jpg,RNEt
rNf4.jpg,rNf4
rNHM.jpg,rNHM
rNqC.jpg,rNqC
rnw6.jpg,rnw6
rnX9.jpg,rnX9
RnY7.jpg,RnY7
rP+5.jpg,rP+5
rp37.jpg,rp37
rP8S.jpg,rP8S
rp9H.jpg,rp9H
rP=M.jpg,rP=M
rpDY.jpg,rpDY
rpH2.jpg,rpH2
rPzX.jpg,rPzX
rQ3M.jpg,rQ3M
rQ9b.jpg,rQ9b
rQ=F.jpg,rQ=F
rqNS.jpg,rqNS
rQnW.jpg,rQnW
rQR=.jpg,rQR=
RQrM.jpg,RQrM
rQTk.jpg,rQTk
RR#9.jpg,RR#9
RR2p.jpg,RR2p
RrbM.jpg,RrbM
rRPR.jpg,rRPR
RrR3.jpg,RrR3
rs26.jpg,rs26
Rs79.jpg,Rs79
rs@2.jpg,rs@2
rS@d.jpg,rS@d
RSP2.jpg,RSP2
RSQD.jpg,RSQD
rswc.jpg,rswc
rT49.jpg,rT49
rtB2.jpg,rtB2
RTdS.jpg,RTdS
RteD.jpg,RteD
rtHa.jpg,rtHa
rw#@.jpg,rw#@
RW7@.jpg,RW7@
rW=y.jpg,rW=y
RwH#.jpg,RwH#
rx#=.jpg,rx#=
rx2+.jpg,rx2+
rX4@.jpg,rX4@
rx5@.jpg,rx5@
RxE+.jpg,RxE+
Rxem.jpg,Rxem
RxFe.jpg,RxFe
rxH8.jpg,rxH8
rYan.jpg,rYan
rYbC.jpg,rYbC
RYhC.jpg,RYhC
ryhw.jpg,ryhw
RYPh.jpg,RYPh
Rz2W.jpg,Rz2W
RZ3@.jpg,RZ3@
rZ4D.jpg,rZ4D
RZ99.jpg,RZ99
RzBZ.jpg,RzBZ
RZEE.jpg,RZEE
S#2z.jpg,S#2z
S#3Y.jpg,S#3Y
s#78.jpg,s#78
S#9y.jpg,S#9y
s#@9.jpg,s#@9
S#@Z.jpg,S#@Z
s#Kn.jpg,s#Kn
s#my.jpg,s#my
S#QQ.jpg,S#QQ
s+#f.jpg,s+#f
S+2Q.jpg,S+2Q
s+dr.jpg,s+dr
s2+k.jpg,s2+k
S2+r.jpg,S2+r
s22G.jpg,s22G
S22y.jpg,S22y
s239.jpg,s239
S2=2.jpg,S2=2
s2=9.jpg,s2=9
s2g=.jpg,s2g=
s2nx.jpg,s2nx
S2Qf.jpg,S2Qf
S2T9.jpg,S2T9
S2TF.jpg,S2TF
s2xk.jpg,s2xk
s36=.jpg,s36=
S375.jpg,S375
s3CR.jpg,s3CR
S3dq.jpg,S3dq
s3EG.jpg,s3EG
S3Eq.jpg,S3Eq
s3nG.jpg,s3nG
s3RM.jpg,s3RM
S3s7.jpg,S3s7
s3T5.jpg,s3T5
s3Z4.jpg,s3Z4
S4fr.jpg,S4fr
s4pD.jpg,s4pD
S4QR.jpg,S4QR
s5cK.jpg,s5cK
s5Kq.jpg,s5Kq
S5SK.jpg,S5SK
S5SM.jpg,S5SM
s63t.jpg,s63t
s643.jpg,s643
S64x.jpg,S64x
s6k@.jpg,s6k@
S6Rm.jpg,S6Rm
s6ss.jpg,s6ss
s7+a.jpg,s7+a
s78F.jpg,s78F
S7AE.jpg,S7AE
S7Dg.jpg,S7Dg
S7FM.jpg,S7FM
S7GM.jpg,S7GM
S7T2.jpg,S7T2
s7x6.jpg,s7x6
S83x.jpg,S83x
s88Y.jpg,s88Y
s8=5.jpg,s8=5
s8a+.jpg,s8a+
S8D2.jpg,S8D2
S8eW.jpg,S8eW
s8Pr.jpg,s8Pr
S8SY.jpg,S8SY
s8w6.jpg,s8w6
S8Y7.jpg,S8Y7
S99H.jpg,S99H
S9cm.jpg,S9cm
S9Ha.jpg,S9Ha
s9nm.jpg,s9nm
s9xm.jpg,s9xm
S=+b.jpg,S=+b
S=5X.jpg,S=5X
S=e3.jpg,S=e3
s=Mc.jpg,s=Mc
S=wr.jpg,S=wr
s=Y6.jpg,s=Y6
S=YH.jpg,S=YH
s@=e.jpg,s@=e
s@bS.jpg,s@bS
s@d#.jpg,s@d#
s@r6.jpg,s@r6
s@se.jpg,s@se
S@XB.jpg,S@XB
S@Yx.jpg,S@Yx
s@Zp.jpg,s@Zp
SA53.jpg,SA53
Saat.jpg,Saat
SAXp.jpg,SAXp
SB47.jpg,SB47
sB5E.jpg,sB5E
Sb6t.jpg,Sb6t
sb9b.jpg,sb9b
SbaS.jpg,SbaS
sbfA.jpg,sbfA
sBMP.jpg,sBMP
sbPb.jpg,sbPb
SC6+.jpg,SC6+
sc6H.jpg,sc6H
sc83.jpg,sc83
SC9q.jpg,SC9q
ScHC.jpg,ScHC
scpt.jpg,scpt
scZR.jpg,scZR
sd#m.jpg,sd#m
SD3@.jpg,SD3@
SDGt.jpg,SDGt
sDqR.jpg,sDqR
SEB8.jpg,SEB8
SEBR.jpg,SEBR
segN.jpg,segN
SeTe.jpg,SeTe
SEtx.jpg,SEtx
sew7.jpg,sew7
SF6X.jpg,SF6X
Sf9n.jpg,Sf9n
SFCG.jpg,SFCG
SG+2.jpg,SG+2
Sg7F.jpg,Sg7F
sGe#.jpg,sGe#
SGSH.jpg,SGSH
SGWm.jpg,SGWm
sh3g.jpg,sh3g
Sh98.jpg,Sh98
SH=P.jpg,SH=P
SH=x.jpg,SH=x
shAa.jpg,shAa
shCB.jpg,shCB
shfa.jpg,shfa
sHM9.jpg,sHM9
SHR2.jpg,SHR2
SHt+.jpg,SHt+
SK#f.jpg,SK#f
sK2D.jpg,sK2D
SKb8.jpg,SKb8
sKd2.jpg,sKd2
SKfy.jpg,SKfy
skSp.jpg,skSp
sKzm.jpg,sKzm
sm8R.jpg,sm8R
SM=9.jpg,SM=9
SmBr.jpg,SmBr
sMH5.jpg,sMH5
Smmg.jpg,Smmg
sMqF.jpg,sMqF
sMtM.jpg,sMtM
SMY2.jpg,SMY2
SMZY.jpg,SMZY
sn2s.jpg,sn2s
SNdN.jpg,SNdN
SNnR.jpg,SNnR
SNRG.jpg,SNRG
spdw.jpg,spdw
spg5.jpg,spg5
spHd.jpg,spHd
sPpc.jpg,sPpc
spT8.jpg,spT8
sq+6.jpg,sq+6
Sq9t.jpg,Sq9t
sqFb.jpg,sqFb
sqG=.jpg,sqG=
sqgp.jpg,sqgp
srEY.jpg,srEY
srqY.jpg,srqY
srYc.jpg,srYc
SS4n.jpg,SS4n
ss84.jpg,ss84
ssS5.jpg,ssS5
ssyq.jpg,ssyq
stDa.jpg,stDa
stSs.jpg,stSs
sttb.jpg,sttb
STW5.jpg,STW5
sTYg.jpg,sTYg
sTZ7.jpg,sTZ7
sw3h.jpg,sw3h
sw59.jpg,sw59
sWdB.jpg,sWdB
swQd.jpg,swQd
SXc8.jpg,SXc8
Sxd5.jpg,Sxd5
SxhA.jpg,SxhA
SXp7.jpg,SXp7
sY83.jpg,sY83
SYAA.jpg,SYAA
SYby.jpg,SYby
sz7h.jpg,sz7h
sz9F.jpg,sz9F
sZn9.jpg,sZn9
szr6.jpg,szr6
szz6.jpg,szz6
t#4m.jpg,t#4m
t#4w.jpg,t#4w
T#94.jpg,T#94
t#=A.jpg,t#=A
t#D7.jpg,t#D7
T#Kr.jpg,T#Kr
T#N5.jpg,T#N5
t#Ts.jpg,t#Ts
t#ws.jpg,t#ws
t#ZW.jpg,t#ZW
t+53.jpg,t+53
T+BT.jpg,T+BT
T+CS.jpg,T+CS
T+hH.jpg,T+hH
t+Hr.jpg,t+Hr
t+QC.jpg,t+QC
T+rM.jpg,T+rM
T26a.jpg,T26a
T2q@.jpg,T2q@
T2r4.jpg,T2r4
T2T#.jpg,T2T#
t335.jpg,t335
t3a7.jpg,t3a7
t3GN.jpg,t3GN
t3sY.jpg,t3sY
t3T4.jpg,t3T4
T46m.jpg,T46m
T48h.jpg,T48h
t49m.jpg,t49m
t49r.jpg,t49r
t49w.jpg,t49w
t4AQ.jpg,t4AQ
T4m7.jpg,T4m7
t4R7.jpg,t4R7
t4tx.jpg,t4tx
T4zS.jpg,T4zS
T53h.jpg,T53h
T576.jpg,T576
t5=B.jpg,t5=B
T5=d.jpg,T5=d
t5Hr.jpg,t5Hr
T5Qd.jpg,T5Qd
t5W+.jpg,t5W+
t62n.jpg,t62n
T62Z.jpg,T62Z
T68s.jpg,T68s
T6D@.jpg,T6D@
T6MS.jpg,T6MS
t6qN.jpg,t6qN
T6y9.jpg,T6y9
T6z9.jpg,T6z9
t784.jpg,t784
T78y.jpg,T78y
t79b.jpg,t79b
T7==.jpg,T7==
T7Bs.jpg,T7Bs
T7k#.jpg,T7k#
t7wh.jpg,t7wh
t7WT.jpg,t7WT
t874.jpg,t874
T884.jpg,T884
t8A2.jpg,t8A2
t8Ps.jpg,t8Ps
T8rY.jpg,T8rY
t9#3.jpg,t9#3
T9#C.jpg,T9#C
T94d.jpg,T94d
T98@.jpg,T98@
T99#.jpg,T99#
T9@+.jpg,T9@+
t9b2.jpg,t9b2
T9N2.jpg,T9N2
t9ns.jpg,t9ns
t9SH.jpg,t9SH
T9SR.jpg,T9SR
t=#q.jpg,t=#q
t=#r.jpg,t=#r
t=2n.jpg,t=2n
t=54.jpg,t=54
T=6#.jpg,T=6#
T=6d.jpg,T=6d
t=BC.jpg,t=BC
T=ED.jpg,T=ED
T=Kt.jpg,T=Kt
T=mx.jpg,T=mx
t=qp.jpg,t=qp
T=T#.jpg,T=T#
t=Xx.jpg,t=Xx
t@3t.jpg,t@3t
t@=#.jpg,t@=#
T@cq.jpg,T@cq
T@eZ.jpg,T@eZ
Tadq.jpg,Tadq
tAmg.jpg,tAmg
tAtc.jpg,tAtc
tb95.jpg,tb95
tBc4.jpg,tBc4
tbcs.jpg,tbcs
TBgr.jpg,TBgr
tbH#.jpg,tbH#
TBhb.jpg,TBhb
tbRG.jpg,tbRG
TbsR.jpg,TbsR
tBwG.jpg,tBwG
tBYm.jpg,tBYm
tC6#.jpg,tC6#
tc69.jpg,tc69
tC84.jpg,tC84
tC9c.jpg,tC9c
tCB@.jpg,tCB@
tcbG.jpg,tcbG
tCCd.jpg,tCCd
tCdA.jpg,tCdA
tcdD.jpg,tcdD
tcFr.jpg,tcFr
TcP6.jpg,TcP6
TCT2.jpg,TCT2
tCxt.jpg,tCxt
TcYn.jpg,TcYn
Td#=.jpg,Td#=
TD3W.jpg,TD3W
tD4@.jpg,tD4@
td4D.jpg,td4D
tD5m.jpg,tD5m
Td92.jpg,Td92
tD9w.jpg,tD9w
TdBP.jpg,TdBP
TDhh.jpg,TDhh
tDk3.jpg,tDk3
TDW5.jpg,TDW5
te#9.jpg,te#9
tE9s.jpg,tE9s
tEE@.jpg,tEE@
TeGm.jpg,TeGm
TEP2.jpg,TEP2
TeR3.jpg,TeR3
tEWg.jpg,tEWg
teyX.jpg,teyX
TF4B.jpg,TF4B
tfad.jpg,tfad
TFdh.jpg,TFdh
tFMN.jpg,tFMN
tfSD.jpg,tfSD
tFwf.jpg,tFwf
TFYF.jpg,TFYF
tG45.jpg,tG45
Tg9@.jpg,Tg9@
tG9M.jpg,tG9M
TgHR.jpg,TgHR
tgmw.jpg,tgmw
TgyA.jpg,TgyA
TGym.jpg,TGym
tH7D.jpg,tH7D
th86.jpg,th86
tH@c.jpg,tH@c
ThAd.jpg,ThAd
Theh.jpg,Theh
THHn.jpg,THHn
thN8.jpg,thN8
tHqW.jpg,tHqW
tK2z.jpg,tK2z
tk5@.jpg,tk5@
TkG6.jpg,TkG6
TKH2.jpg,TKH2
tkPb.jpg,tkPb
tM8w.jpg,tM8w
tM=3.jpg,tM=3
TMdT.jpg,TMdT
tmQ9.jpg,tmQ9
TMRA.jpg,TMRA
TmsA.jpg,TmsA
TMXk.jpg,TMXk
tN7Z.jpg,tN7Z
TN@+.jpg,TN@+
Tng2.jpg,Tng2
Tnp@.jpg,Tnp@
TNqA.jpg,TNqA
TP2=.jpg,TP2=
tP3d.jpg,tP3d
tp3p.jpg,tp3p
tp68.jpg,tp68
tpcC.jpg,tpcC
tPRb.jpg,tPRb
TPxQ.jpg,TPxQ
tPY9.jpg,tPY9
Tq#M.jpg,Tq#M
tQ4e.jpg,tQ4e
Tq5Q.jpg,Tq5Q
tQdZ.jpg,tQdZ
tqp5.jpg,tqp5
Tr23.jpg,Tr23
Tr2R.jpg,Tr2R
TR48.jpg,TR48
tr8T.jpg,tr8T
TR=4.jpg,TR=4
tRfh.jpg,tRfh
trgD.jpg,trgD
TrRZ.jpg,TrRZ
trY5.jpg,trY5
TRy6.jpg,TRy6
tRzk.jpg,tRzk
ts3M.jpg,ts3M
ts4H.jpg,ts4H
tSE#.jpg,tSE#
tsFp.jpg,tsFp
tsMC.jpg,tsMC
TSN#.jpg,TSN#
TT2B.jpg,TT2B
tT5M.jpg,tT5M
TT=H.jpg,TT=H
tTF#.jpg,tTF#
tTn@.jpg,tTn@
ttS3.jpg,ttS3
ttw=.jpg,ttw=
TTx5.jpg,TTx5
tw+k.jpg,tw+k
tW3Q.jpg,tW3Q
tw4e.jpg,tw4e
TWb9.jpg,TWb9
Twm2.jpg,Twm2
twmt.jpg,twmt
Twpw.jpg,Twpw
tx7G.jpg,tx7G
tx9c.jpg,tx9c
tXCw.jpg,tXCw
txEe.jpg,txEe
txmc.jpg,txmc
tya=.jpg,tya=
tYH+.jpg,tYH+
tYnS.jpg,tYnS
tYYd.jpg,tYYd
tz67.jpg,tz67
tZ8S.jpg,tZ8S
w##n.jpg,w##n
w#93.jpg,w#93
w#zM.jpg,w#zM
w+#4.jpg,w+#4
W+4a.jpg,W+4a
w+Cm.jpg,w+Cm
w+Q7.jpg,w+Q7
W+Yw.jpg,W+Yw
W23X.jpg,W23X
w2bx.jpg,w2bx
w2NQ.jpg,w2NQ
W2xz.jpg,W2xz
W2y+.jpg,W2y+
w37#.jpg,w37#
w38a.jpg,w38a
W3ab.jpg,W3ab
w3D4.jpg,w3D4
w3nn.jpg,w3nn
W3sb.jpg,W3sb
W4+T.jpg,W4+T
W43a.jpg,W43a
W49z.jpg,W49z
w4gs.jpg,w4gs
W4Qx.jpg,W4Qx
w4sh.jpg,w4sh
W4x5.jpg,W4x5
w54=.jpg,w54=
w59Y.jpg,w59Y
W5cQ.jpg,W5cQ
w5fM.jpg,w5fM
W5g+.jpg,W5g+
W5MX.jpg,W5MX
W5tR.jpg,W5tR
W5XG.jpg,W5XG
W5yE.jpg,W5yE
w6#d.jpg,w6#d
w6+6.jpg,w6+6
w63r.jpg,w63r
W6B2.jpg,W6B2
w6nb.jpg,w6nb
w6sw.jpg,w6sw
W7#Q.jpg,W7#Q
W7#t.jpg,W7#t
W737.jpg,W737
w73E.jpg,w73E
W74F.jpg,W74F
w76b.jpg,w76b
w786.jpg,w786
w78q.jpg,w78q
w7=c.jpg,w7=c
W7b6.jpg,W7b6
w7Ks.jpg,w7Ks
W7RF.jpg,W7RF
W8+7.jpg,W8+7
w833.jpg,w833
W83T.jpg,W83T
W8Ap.jpg,W8Ap
W8b@.jpg,W8b@
W8Dp.jpg,W8Dp
w8Qy.jpg,w8Qy
w8x9.jpg,w8x9
W8Z#.jpg,W8Z#
w92C.jpg,w92C
w954.jpg,w954
W95P.jpg,W95P
w969.jpg,w969
w9e2.jpg,w9e2
w9Gg.jpg,w9Gg
w9KN.jpg,w9KN
W9qg.jpg,W9qg
W9Y2.jpg,W9Y2
W9YY.jpg,W9YY
W9zg.jpg,W9zg
W=+E.jpg,W=+E
W=4Q.jpg,W=4Q
W=5H.jpg,W=5H
W=6H.jpg,W=6H
w=dM.jpg,w=dM
W=fc.jpg,W=fc
w=K4.jpg,w=K4
w@=G.jpg,w@=G
W@An.jpg,W@An
W@Fd.jpg,W@Fd
w@q9.jpg,w@q9
W@WY.jpg,W@WY
w@z2.jpg,w@z2
WA#+.jpg,WA#+
wa=t.jpg,wa=t
wA=X.jpg,wA=X
Wa=Y.jpg,Wa=Y
waaf.jpg,waaf
wAcy.jpg,wAcy
WAfp.jpg,WAfp
Wapm.jpg,Wapm
WAW8.jpg,WAW8
WB63.jpg,WB63
WBD6.jpg,WBD6
WbxW.jpg,WbxW
wC4R.jpg,wC4R
Wc9y.jpg,Wc9y
wc=b.jpg,wc=b
WcfR.jpg,WcfR
WcND.jpg,WcND
WCXX.jpg,WCXX
Wd2k.jpg,Wd2k
WD5e.jpg,WD5e
wD5g.jpg,wD5g
WD@y.jpg,WD@y
wDbs.jpg,wDbs
wdRD.jpg,wdRD
wdRm.jpg,wdRm
WdRr.jpg,WdRr
WdW9.jpg,WdW9
We+5.jpg,We+5
we6=.jpg,we6=
wE7T.jpg,wE7T
We8h.jpg,We8h
Wecz.jpg,Wecz
WEEz.jpg,WEEz
WEg4.jpg,WEg4
WEnc.jpg,WEnc
wEr@.jpg,wEr@
weTT.jpg,weTT
WF5#.jpg,WF5#
WF52.jpg,WF52
WfqW.jpg,WfqW
wfW#.jpg,wfW#
wfYY.jpg,wfYY
WGdR.jpg,WGdR
WGEd.jpg,WGEd
WGTT.jpg,WGTT
WgY#.jpg,WgY#
wH6G.jpg,wH6G
WhCk.jpg,WhCk
WHFy.jpg,WHFy
whqe.jpg,whqe
WHqQ.jpg,WHqQ
whXz.jpg,whXz
wkc3.jpg,wkc3
WKFm.jpg,WKFm
WkW+.jpg,WkW+
Wm#c.jpg,Wm#c
WM2@.jpg,WM2@
wM2a.jpg,wM2a
WMm2.jpg,WMm2
WN#g.jpg,WN#g
wn4a.jpg,wn4a
wN5T.jpg,wN5T
WN5z.jpg,WN5z
wN7M.jpg,wN7M
wN8n.jpg,wN8n
wN9R.jpg,wN9R
wn=h.jpg,wn=h
WnaK.jpg,WnaK
WnAN.jpg,WnAN
WnDb.jpg,WnDb
WNE#.jpg,WNE#
Wny2.jpg,Wny2
wp+8.jpg,wp+8
wpgt.jpg,wpgt
wphK.jpg,wphK
wQ8x.jpg,wQ8x
WQ9D.jpg,WQ9D
wQDK.jpg,wQDK
WQTm.jpg,WQTm
WqW5.jpg,WqW5
wr#6.jpg,wr#6
wr8R.jpg,wr8R
Wr@H.jpg,Wr@H
WRf2.jpg,WRf2
WRK3.jpg,WRK3
WrKq.jpg,WrKq
wrm#.jpg,wrm#
WRSA.jpg,WRSA
WrX3.jpg,WrX3
wRzR.jpg,wRzR
ws#7.jpg,ws#7
Ws4b.jpg,Ws4b
WS5K.jpg,WS5K
wsT+.jpg,wsT+
Wt+A.jpg,Wt+A
Wt3D.jpg,Wt3D
wT63.jpg,wT63
WtM+.jpg,WtM+
Wtq=.jpg,Wtq=
wTs#.jpg,wTs#
WtsS.jpg,WtsS
WTt@.jpg,WTt@
Ww#X.jpg,Ww#X
ww59.jpg,ww59
Ww7F.jpg,Ww7F
ww85.jpg,ww85
WWHA.jpg,WWHA
WWsx.jpg,WWsx
WxDP.jpg,WxDP
WxdQ.jpg,WxdQ
wxF4.jpg,wxF4
wxG#.jpg,wxG#
WXQk.jpg,WXQk
WXy7.jpg,WXy7
WY4D.jpg,WY4D
wy5T.jpg,wy5T
Wy75.jpg,Wy75
wy@Y.jpg,wy@Y
wYTx.jpg,wYTx
WZ+3.jpg,WZ+3
WZ72.jpg,WZ72
wz7@.jpg,wz7@
wz@7.jpg,wz@7
WZa7.jpg,WZa7
X##b.jpg,X##b
x#x2.jpg,x#x2
x#zc.jpg,x#zc
X+bp.jpg,X+bp
x+bz.jpg,x+bz
x+EP.jpg,x+EP
X+kr.jpg,X+kr
X+RD.jpg,X+RD
x25R.jpg,x25R
X2CT.jpg,X2CT
X2Ge.jpg,X2Ge
X2s8.jpg,X2s8
X2t=.jpg,X2t=
X3E#.jpg,X3E#
X3eH.jpg,X3eH
x438.jpg,x438
X43q.jpg,X43q
x482.jpg,x482
X49G.jpg,X49G
x4RA.jpg,x4RA
x57k.jpg,x57k
X594.jpg,X594
x5eg.jpg,x5eg
x5Q9.jpg,x5Q9
x5x8.jpg,x5x8
X6#+.jpg,X6#+
x642.jpg,x642
x64D.jpg,x64D
X6Yx.jpg,X6Yx
X7#F.jpg,X7#F
x7+2.jpg,x7+2
x76g.jpg,x76g
x79m.jpg,x79m
X7CZ.jpg,X7CZ
x7SZ.jpg,x7SZ
X839.jpg,X839
x8b7.jpg,x8b7
X8BG.jpg,X8BG
x8cB.jpg,x8cB
X8e#.jpg,X8e#
x8k8.jpg,x8k8
X8KB.jpg,X8KB
X8MH.jpg,X8MH
X8RF.jpg,X8RF
X9#n.jpg,X9#n
x9a2.jpg,x9a2
x9AF.jpg,x9AF
X9bH.jpg,X9bH
x=b4.jpg,x=b4
x=tk.jpg,x=tk
x=Xc.jpg,x=Xc
X@+8.jpg,X@+8
x@8T.jpg,x@8T
x@92.jpg,x@92
x@9b.jpg,x@9b
X@Ba.jpg,X@Ba
x@bs.jpg,x@bs
X@CH.jpg,X@CH
x@Mn.jpg,x@Mn
x@TH.jpg,x@TH
x@wh.jpg,x@wh
XaN6.jpg,XaN6
XAz8.jpg,XAz8
xb64.jpg,xb64
xb7+.jpg,xb7+
xbe=.jpg,xbe=
xbFr.jpg,xbFr
XBG@.jpg,XBG@
xbK#.jpg,xbK#
XBt2.jpg,XBt2
xbxx.jpg,xbxx
Xc#=.jpg,Xc#=
xC4n.jpg,xC4n
Xc@W.jpg,Xc@W
xCA9.jpg,xCA9
xCkN.jpg,xCkN
XCxn.jpg,XCxn
xd3S.jpg,xd3S
Xd69.jpg,Xd69
Xd7C.jpg,Xd7C
xdb#.jpg,xdb#
xdBa.jpg,xdBa
xdGq.jpg,xdGq
Xdn5.jpg,Xdn5
xe##.jpg,xe##
xe#m.jpg,xe#m
XE4e.jpg,XE4e
xE89.jpg,xE89
xebB.jpg,xebB
xEg2.jpg,xEg2
XEGH.jpg,XEGH
xeKF.jpg,xeKF
xekT.jpg,xekT
XERN.jpg,XERN
xEzy.jpg,xEzy
xf@w.jpg,xf@w
xf@X.jpg,xf@X
XfA3.jpg,XfA3
xFbf.jpg,xFbf
xFec.jpg,xFec
XFEH.jpg,XFEH
Xfh8.jpg,Xfh8
xFZp.jpg,xFZp
Xg4@.jpg,Xg4@
xgFn.jpg,xgFn
xgXk.jpg,xgXk
xH54.jpg,xH54
Xh7x.jpg,Xh7x
xhfY.jpg,xhfY
XhKf.jpg,XhKf
xHxT.jpg,xHxT
xk3G.jpg,xk3G
xk8f.jpg,xk8f
XKD+.jpg,XKD+
xkmB.jpg,xkmB
XkmS.jpg,XkmS
XkPr.jpg,XkPr
xm#4.jpg,xm#4
xM37.jpg,xM37
xM3R.jpg,xM3R
xM88.jpg,xM88
xMR5.jpg,xMR5
xmr6.jpg,xmr6
XMt2.jpg,XMt2
xn2@.jpg,xn2@
xN99.jpg,xN99
xnD@.jpg,xnD@
XNp3.jpg,XNp3
XnPF.jpg,XnPF
xNXR.jpg,xNXR
Xp2n.jpg,Xp2n
xP@T.jpg,xP@T
XpEP.jpg,XpEP
Xpke.jpg,Xpke
xpzX.jpg,xpzX
xQ#S.jpg,xQ#S
xQ+n.jpg,xQ+n
XQ7=.jpg,XQ7=
XQCw.jpg,XQCw
xQNA.jpg,xQNA
XQQa.jpg,XQQa
xqRR.jpg,xqRR
Xr6Q.jpg,Xr6Q
xr7e.jpg,xr7e
XRq@.jpg,XRq@
XrYQ.jpg,XrYQ
XS3S.jpg,XS3S
xS92.jpg,xS92
XseH.jpg,XseH
xsMt.jpg,xsMt
XSpQ.jpg,XSpQ
XszG.jpg,XszG
xt7g.jpg,xt7g
xT8N.jpg,xT8N
xt9#.jpg,xt9#
xta7.jpg,xta7
XTfx.jpg,XTfx
xtq8.jpg,xtq8
xwa=.jpg,xwa=
xWad.jpg,xWad
XwFP.jpg,XwFP
XWfS.jpg,XWfS
xwRS.jpg,xwRS
xWyD.jpg,xWyD
XwYQ.jpg,XwYQ
xwz5.jpg,xwz5
xxdb.jpg,xxdb
xXEX.jpg,xXEX
XxG9.jpg,XxG9
XXyK.jpg,XXyK
xy22.jpg,xy22
XY77.jpg,XY77
xY@8.jpg,xY@8
xYtt.jpg,xYtt
XyZ2.jpg,XyZ2
XZ2g.jpg,XZ2g
Xz8#.jpg,Xz8#
xZbh.jpg,xZbh
XZk3.jpg,XZk3
Y#34.jpg,Y#34
y#3n.jpg,y#3n
y#7@.jpg,y#7@
Y#9@.jpg,Y#9@
y#aN.jpg,y#aN
y#f+.jpg,y#f+
y#h=.jpg,y#h=
y#zk.jpg,y#zk
y+7P.jpg,y+7P
Y+D2.jpg,Y+D2
Y+Ea.jpg,Y+Ea
y+q+.jpg,y+q+
Y+yy.jpg,Y+yy
y2#5.jpg,y2#5
y23a.jpg,y23a
Y26K.jpg,Y26K
y29G.jpg,y29G
Y2kd.jpg,Y2kd
y2nf.jpg,y2nf
Y3@P.jpg,Y3@P
y3er.jpg,y3er
Y3R=.jpg,Y3R=
y3T4.jpg,y3T4
Y3Xq.jpg,Y3Xq
y3yQ.jpg,y3yQ
Y4#P.jpg,Y4#P
y43Z.jpg,y43Z
Y45Z.jpg,Y45Z
Y487.jpg,Y487
y4=#.jpg,y4=#
Y4fd.jpg,Y4fd
y4YW.jpg,y4YW
y54g.jpg,y54g
Y57S.jpg,Y57S
Y58X.jpg,Y58X
Y59n.jpg,Y59n
Y5@@.jpg,Y5@@
Y5b9.jpg,Y5b9
Y5e8.jpg,Y5e8
y5Pe.jpg,y5Pe
Y5Y4.jpg,Y5Y4
Y6#w.jpg,Y6#w
Y652.jpg,Y652
Y6mW.jpg,Y6mW
y6wH.jpg,y6wH
Y6xa.jpg,Y6xa
Y74F.jpg,Y74F
Y76X.jpg,Y76X
y7Em.jpg,y7Em
Y7nA.jpg,Y7nA
y7r2.jpg,y7r2
y8+d.jpg,y8+d
y878.jpg,y878
y89Z.jpg,y89Z
Y8ca.jpg,Y8ca
Y8CN.jpg,Y8CN
y8Q+.jpg,y8Q+
Y8QW.jpg,Y8QW
Y8rK.jpg,Y8rK
Y9+e.jpg,Y9+e
Y99m.jpg,Y99m
Y9ee.jpg,Y9ee
y9hb.jpg,y9hb
y9t3.jpg,y9t3
Y=2M.jpg,Y=2M
y=2z.jpg,y=2z
y=94.jpg,y=94
Y=@N.jpg,Y=@N
y=h+.jpg,y=h+
y=Md.jpg,y=Md
y=nE.jpg,y=nE
Y=Y5.jpg,Y=Y5
Y=Yh.jpg,Y=Yh
y=z5.jpg,y=z5
Y=zr.jpg,Y=zr
y@#x.jpg,y@#x
y@=h.jpg,y@=h
Y@SR.jpg,Y@SR
YA+t.jpg,YA+t
YaB7.jpg,YaB7
YaDb.jpg,YaDb
YAN@.jpg,YAN@
YAQ@.jpg,YAQ@
YAy7.jpg,YAy7
yBe5.jpg,yBe5
ybf7.jpg,ybf7
ybmD.jpg,ybmD
yBMr.jpg,yBMr
ybT7.jpg,ybT7
YC#G.jpg,YC#G
YC4G.jpg,YC4G
Yc8r.jpg,Yc8r
ycCp.jpg,ycCp
YcGR.jpg,YcGR
yd33.jpg,yd33
Yd88.jpg,Yd88
Yd8E.jpg,Yd8E
ydG#.jpg,ydG#
ydpD.jpg,ydpD
yDsB.jpg,yDsB
YdTy.jpg,YdTy
ye2x.jpg,ye2x
YE4H.jpg,YE4H
Ye7T.jpg,Ye7T
yEa=.jpg,yEa=
yeDb.jpg,yeDb
yEhm.jpg,yEhm
yes8.jpg,yes8
yeXA.jpg,yeXA
YF2@.jpg,YF2@
YF42.jpg,YF42
Yf7#.jpg,Yf7#
Yf78.jpg,Yf78
YFds.jpg,YFds
YFfF.jpg,YFfF
YfKG.jpg,YfKG
YFKH.jpg,YFKH
YFtd.jpg,YFtd
ygC4.jpg,ygC4
ygGz.jpg,ygGz
YGW@.jpg,YGW@
ygYF.jpg,ygYF
Yh+#.jpg,Yh+#
Yh3r.jpg,Yh3r
YH45.jpg,YH45
yhEe.jpg,yhEe
YHeh.jpg,YHeh
Yhgg.jpg,Yhgg
YHTn.jpg,YHTn
YHZ6.jpg,YHZ6
yk5y.jpg,yk5y
yKAY.jpg,yKAY
YkBy.jpg,YkBy
YkG4.jpg,YkG4
Ykq5.jpg,Ykq5
ymHT.jpg,ymHT
YmpQ.jpg,YmpQ
YmRw.jpg,YmRw
ymsB.jpg,ymsB
YMtC.jpg,YMtC
ymW2.jpg,ymW2
YmWb.jpg,YmWb
YN#K.jpg,YN#K
YN3w.jpg,YN3w
Yn5X.jpg,Yn5X
Yn8+.jpg,Yn8+
Yn9a.jpg,Yn9a
yNCT.jpg,yNCT
YNga.jpg,YNga
YP+H.jpg,YP+H
YP3S.jpg,YP3S
yq8q.jpg,yq8q
YqF4.jpg,YqF4
YQf=.jpg,YQf=
yqgb.jpg,yqgb
yQKd.jpg,yQKd
YqNk.jpg,YqNk
YqT#.jpg,YqT#
Yr#Y.jpg,Yr#Y
YR66.jpg,YR66
YR@4.jpg,YR@4
yRE@.jpg,yRE@
YrEM.jpg,YrEM
YrWd.jpg,YrWd
YrY8.jpg,YrY8
yRzC.jpg,yRzC
YS#8.jpg,YS#8
ys5N.jpg,ys5N
YS7#.jpg,YS7#
Ys=x.jpg,Ys=x
ysTE.jpg,ysTE
yT3#.jpg,yT3#
YT44.jpg,YT44
YT4K.jpg,YT4K
Yt=6.jpg,Yt=6
YTb8.jpg,YTb8
YTY2.jpg,YTY2
yw@M.jpg,yw@M
ywDC.jpg,ywDC
ywGQ.jpg,ywGQ
YwM=.jpg,YwM=
YWr4.jpg,YWr4
Ywrm.jpg,Ywrm
ywZz.jpg,ywZz
Yx67.jpg,Yx67
YX7+.jpg,YX7+
YXCK.jpg,YXCK
YxFm.jpg,YxFm
YXNm.jpg,YXNm
yxP9.jpg,yxP9
yxpK.jpg,yxpK
yXsb.jpg,yXsb
yY8#.jpg,yY8#
Yyqw.jpg,Yyqw
Yysb.jpg,Yysb
Yz+B.jpg,Yz+B
yz3y.jpg,yz3y
YZ44.jpg,YZ44
Yza#.jpg,Yza#
YZP8.jpg,YZP8
yZRH.jpg,yZRH
yzTF.jpg,yzTF
yZXZ.jpg,yZXZ
Z#36.jpg,Z#36
z#=q.jpg,z#=q
z#He.jpg,z#He
z#KE.jpg,z#KE
z#rD.jpg,z#rD
z#T4.jpg,z#T4
Z#ym.jpg,Z#ym
Z+4T.jpg,Z+4T
Z23M.jpg,Z23M
Z25e.jpg,Z25e
Z27Y.jpg,Z27Y
Z2Fa.jpg,Z2Fa
z2g6.jpg,z2g6
z2gC.jpg,z2gC
Z2Gd.jpg,Z2Gd
Z2nY.jpg,Z2nY
Z2PH.jpg,Z2PH
z32+.jpg,z32+
z32B.jpg,z32B
z36n.jpg,z36n
Z379.jpg,Z379
z3d@.jpg,z3d@
Z3Hk.jpg,Z3Hk
z3MP.jpg,z3MP
z3sq.jpg,z3sq
Z453.jpg,Z453
z497.jpg,z497
z4E2.jpg,z4E2
z4FY.jpg,z4FY
Z4Tn.jpg,Z4Tn
Z4xK.jpg,Z4xK
Z54#.jpg,Z54#
z55E.jpg,z55E
Z5nt.jpg,Z5nt
Z5sW.jpg,Z5sW
Z646.jpg,Z646
z64E.jpg,z64E
z685.jpg,z685
z6bG.jpg,z6bG
z6c5.jpg,z6c5
z6C@.jpg,z6C@
z6hT.jpg,z6hT
Z6Ns.jpg,Z6Ns
Z6P6.jpg,Z6P6
Z6TZ.jpg,Z6TZ
z7#F.jpg,z7#F
z7B5.jpg,z7B5
Z7h7.jpg,Z7h7
Z7mQ.jpg,Z7mQ
z7tH.jpg,z7tH
z8cw.jpg,z8cw
z8mG.jpg,z8mG
z8we.jpg,z8we
z8X2.jpg,z8X2
z8x7.jpg,z8x7
Z8x@.jpg,Z8x@
z92Q.jpg,z92Q
z937.jpg,z937
Z95S.jpg,Z95S
z9nx.jpg,z9nx
Z9t+.jpg,Z9t+
z9tA.jpg,z9tA
z9tx.jpg,z9tx
z=F7.jpg,z=F7
Z=R4.jpg,Z=R4
Z@7E.jpg,Z@7E
z@@=.jpg,z@@=
z@Cy.jpg,z@Cy
z@hF.jpg,z@hF
Z@RW.jpg,Z@RW
z@sE.jpg,z@sE
z@TM.jpg,z@TM
ZA4W.jpg,ZA4W
zAhY.jpg,zAhY
ZAkW.jpg,ZAkW
zb6S.jpg,zb6S
ZBK7.jpg,ZBK7
zbP9.jpg,zbP9
ZBpM.jpg,ZBpM
zBq4.jpg,zBq4
ZC2n.jpg,ZC2n
zc2Y.jpg,zc2Y
zcd7.jpg,zcd7
ZCeH.jpg,ZCeH
ZcGh.jpg,ZcGh
Zcgn.jpg,Zcgn
ZCTG.jpg,ZCTG
ZD58.jpg,ZD58
zD9B.jpg,zD9B
zdKs.jpg,zdKs
zdNp.jpg,zdNp
ZDX9.jpg,ZDX9
ZE3#.jpg,ZE3#
ZE5t.jpg,ZE5t
zE6M.jpg,zE6M
zew7.jpg,zew7
ZEWg.jpg,ZEWg
zf3b.jpg,zf3b
Zf3R.jpg,Zf3R
ZF7d.jpg,ZF7d
ZF8a.jpg,ZF8a
ZF9C.jpg,ZF9C
zfmC.jpg,zfmC
zfnW.jpg,zfnW
zFPh.jpg,zFPh
zG9N.jpg,zG9N
zGeg.jpg,zGeg
zGF=.jpg,zGF=
zGp3.jpg,zGp3
zGZ3.jpg,zGZ3
zGzZ.jpg,zGzZ
zH+x.jpg,zH+x
zH3S.jpg,zH3S
zHa3.jpg,zHa3
zhtp.jpg,zhtp
zK38.jpg,zK38
zK49.jpg,zK49
zk=5.jpg,zk=5
Zkg8.jpg,Zkg8
zkGd.jpg,zkGd
zkk7.jpg,zkk7
zkNf.jpg,zkNf
Zm2N.jpg,Zm2N
ZM@#.jpg,ZM@#
ZMNM.jpg,ZMNM
ZmQd.jpg,ZmQd
zMSP.jpg,zMSP
zMSZ.jpg,zMSZ
Zmyg.jpg,Zmyg
ZNB@.jpg,ZNB@
znD3.jpg,znD3
ZNm8.jpg,ZNm8
ZnMa.jpg,ZnMa
zNN=.jpg,zNN=
ZNnd.jpg,ZNnd
Zp4b.jpg,Zp4b
zP63.jpg,zP63
zp79.jpg,zp79
zp=8.jpg,zp=8
zpys.jpg,zpys
ZPzc.jpg,ZPzc
ZQ8P.jpg,ZQ8P
ZqN8.jpg,ZqN8
ZQzW.jpg,ZQzW
Zr3c.jpg,Zr3c
ZrC4.jpg,ZrC4
ZRDD.jpg,ZRDD
zRhR.jpg,zRhR
zrHW.jpg,zrHW
zrMS.jpg,zrMS
ZRzb.jpg,ZRzb
zSMM.jpg,zSMM
zsNc.jpg,zsNc
ZsPP.jpg,ZsPP
ZT4Q.jpg,ZT4Q
Zt=2.jpg,Zt=2
ZtEN.jpg,ZtEN
ZtNK.jpg,ZtNK
ztpa.jpg,ztpa
Zw8c.jpg,Zw8c
ZwCK.jpg,ZwCK
ZWDd.jpg,ZWDd
zwhr.jpg,zwhr
zWwF.jpg,zWwF
ZX+G.jpg,ZX+G
Zxas.jpg,Zxas
ZXhC.jpg,ZXhC
zXK9.jpg,zXK9
zXKH.jpg,zXKH
ZXKS.jpg,ZXKS
ZxMh.jpg,ZxMh
zy4m.jpg,zy4m
zy88.jpg,zy88
ZyyY.jpg,ZyyY
zz@=.jpg,zz@=
zZB2.jpg,zZB2
zZgH.jpg,zZgH
ZZMw.jpg,ZZMw
zZT2.jpg,zZT2
ZzXf.jpg,ZzXf
ZZZ#.jpg,ZZZ#
